FID,STATE_NM,COUNTY_NM,index,Slope,R,p,Id
0,OHIO,SUMMIT,OHIO_SUMMIT,1.328867596,0.691642389,5.51E-07,0
1,SOUTH DAKOTA,HAAKON,SOUTH DAKOTA_HAAKON,0.732121212,0.497003257,0.000514683,1
2,WISCONSIN,KEWAUNEE,WISCONSIN_KEWAUNEE,1.651765306,0.834372375,9.55E-14,2
3,INDIANA,FULTON,INDIANA_FULTON,2.016942713,0.876900231,1.58E-17,3
4,IOWA,HARDIN,IOWA_HARDIN,1.929795953,0.835693135,1.29E-14,4
5,KANSAS,NEOSHO,KANSAS_NEOSHO,1.245920768,0.636967483,6.59E-07,5
6,NEBRASKA,PAWNEE,NEBRASKA_PAWNEE,1.921356612,0.790081874,3.32E-12,6
7,MISSOURI,RANDOLPH,MISSOURI_RANDOLPH,1.754470588,0.686096024,2.75E-08,7
8,OHIO,PUTNAM,OHIO_PUTNAM,1.71140613,0.774573067,1.62E-11,8
9,WISCONSIN,SAWYER,WISCONSIN_SAWYER,1.324001303,0.632772361,1.40E-06,9
10,WISCONSIN,DOUGLAS,WISCONSIN_DOUGLAS,-0.284210526,-0.10923962,0.656193618,10
11,WISCONSIN,FOREST,WISCONSIN_FOREST,1.200112931,0.354260367,0.105749232,11
12,MICHIGAN,MUSKEGON,MICHIGAN_MUSKEGON,1.743367347,0.855653258,4.83E-15,12
13,MINNESOTA,BECKER,MINNESOTA_BECKER,2.340349544,0.873258132,5.77E-16,13
14,INDIANA,PORTER,INDIANA_PORTER,1.845261675,0.871674401,4.18E-17,14
15,KANSAS,HAMILTON,KANSAS_HAMILTON,0.046542553,0.027690904,0.853415175,15
16,MICHIGAN,OTTAWA,MICHIGAN_OTTAWA,1.855966387,0.858862604,1.50E-15,16
17,MICHIGAN,MANISTEE,MICHIGAN_MANISTEE,1.600483238,0.790830228,2.80E-10,17
18,INDIANA,CARROLL,INDIANA_CARROLL,1.985538462,0.838880149,1.53E-14,18
19,IOWA,O BRIEN,IOWA_O BRIEN,2.308439341,0.907760052,1.69E-20,19
20,KANSAS,MITCHELL,KANSAS_MITCHELL,0.768268908,0.452647026,0.000965125,20
21,ILLINOIS,CLARK,ILLINOIS_CLARK,1.919622449,0.72443369,4.00E-09,21
22,MICHIGAN,BENZIE,MICHIGAN_BENZIE,1.470909091,0.737841085,1.10E-08,22
23,NEBRASKA,PERKINS,NEBRASKA_PERKINS,0.398100401,0.406686441,0.002772893,23
24,KANSAS,STEVENS,KANSAS_STEVENS,1.832203978,0.817694837,2.31E-12,24
25,SOUTH DAKOTA,PERKINS,SOUTH DAKOTA_PERKINS,0.192421603,0.144160508,0.368524309,25
26,INDIANA,PIKE,INDIANA_PIKE,1.605513414,0.683559513,1.65E-07,26
27,IOWA,HANCOCK,IOWA_HANCOCK,1.932468198,0.87521522,2.17E-17,27
28,MICHIGAN,LAPEER,MICHIGAN_LAPEER,1.925399129,0.90614401,2.55E-20,28
29,MINNESOTA,BENTON,MINNESOTA_BENTON,1.849504824,0.791201557,2.94E-12,29
30,MINNESOTA,BELTRAMI,MINNESOTA_BELTRAMI,1.912351826,0.764115731,3.73E-08,30
31,MICHIGAN,ST JOSEPH,MICHIGAN_ST JOSEPH,1.520777911,0.846669909,9.47E-15,31
32,MICHIGAN,CHEBOYGAN,MICHIGAN_CHEBOYGAN,1.468548387,0.648817185,7.88E-05,32
33,NEBRASKA,SIOUX,NEBRASKA_SIOUX,1.770660633,0.867978834,1.65E-16,33
34,OHIO,FULTON,OHIO_FULTON,1.737462648,0.852110972,1.14E-15,34
35,ILLINOIS,KENDALL,ILLINOIS_KENDALL,2.101786315,0.78707801,1.22E-11,35
36,IOWA,BUCHANAN,IOWA_BUCHANAN,2.0927986,0.862461187,2.11E-16,36
37,MICHIGAN,KALKASKA,MICHIGAN_KALKASKA,1.092063783,0.608524656,0.00021965,37
38,MINNESOTA,MORRISON,MINNESOTA_MORRISON,2.016835994,0.792257827,2.63E-12,38
39,ILLINOIS,BROWN,ILLINOIS_BROWN,1.91919457,0.793025505,4.01E-12,39
40,KANSAS,RENO,KANSAS_RENO,1.540342556,0.752036188,2.60E-09,40
41,NEBRASKA,SALINE,NEBRASKA_SALINE,1.490895928,0.812957672,4.30E-13,41
42,MISSOURI,CALLAWAY,MISSOURI_CALLAWAY,1.716870953,0.67089713,2.47E-07,42
43,WISCONSIN,RUSK,WISCONSIN_RUSK,1.325565611,0.771659135,3.41E-11,43
44,MISSOURI,JASPER,MISSOURI_JASPER,1.284909035,0.546319757,8.58E-05,44
45,ILLINOIS,WARREN,ILLINOIS_WARREN,2.309719457,0.83439819,2.83E-14,45
46,INDIANA,MONTGOMERY,INDIANA_MONTGOMERY,2.048470588,0.821450123,1.53E-13,46
47,OHIO,MONTGOMERY,OHIO_MONTGOMERY,1.69996585,0.739238904,3.89E-10,47
48,NEBRASKA,PHELPS,NEBRASKA_PHELPS,2.315534022,0.937649455,1.35E-24,48
49,ILLINOIS,UNION,ILLINOIS_UNION,1.776105642,0.75960691,1.60E-10,49
50,ILLINOIS,JERSEY,ILLINOIS_JERSEY,1.886372149,0.787091536,1.22E-11,50
51,MICHIGAN,SANILAC,MICHIGAN_SANILAC,2.247989413,0.933788637,5.79E-24,51
52,MISSOURI,CAPE GIRARDEAU,MISSOURI_CAPE GIRARDEAU,1.762957983,0.806765775,1.51E-12,52
53,MISSOURI,LIVINGSTON,MISSOURI_LIVINGSTON,1.636408163,0.646224076,5.30E-07,53
54,MISSOURI,HICKORY,MISSOURI_HICKORY,1.958277287,0.695245965,3.23E-07,54
55,OHIO,WOOD,OHIO_WOOD,1.73361086,0.817155997,2.60E-13,55
56,WISCONSIN,CALUMET,WISCONSIN_CALUMET,1.787553421,0.852896518,3.77E-15,56
57,NEBRASKA,POLK,NEBRASKA_POLK,1.99697479,0.898221085,9.28E-19,57
58,NEBRASKA,SCOTTS BLUFF,NEBRASKA_SCOTTS BLUFF,1.517143345,0.842340704,5.00E-15,58
59,KANSAS,MORTON,KANSAS_MORTON,1.1799819,0.651726703,2.22E-07,59
60,MICHIGAN,HILLSDALE,MICHIGAN_HILLSDALE,1.757956971,0.867058091,9.55E-17,60
61,OHIO,KNOX,OHIO_KNOX,1.705540852,0.890638509,9.67E-19,61
62,ILLINOIS,MARSHALL,ILLINOIS_MARSHALL,2.302036199,0.853778747,8.76E-16,62
63,INDIANA,DECATUR,INDIANA_DECATUR,1.816088961,0.78970255,3.45E-12,63
64,IOWA,BUTLER,IOWA_BUTLER,2.27219329,0.886048085,2.56E-18,64
65,KANSAS,GREENWOOD,KANSAS_GREENWOOD,0.911803885,0.476937793,0.000804784,65
66,OHIO,WAYNE,OHIO_WAYNE,1.482643217,0.76056779,6.08E-11,66
67,SOUTH DAKOTA,CLARK,SOUTH DAKOTA_CLARK,2.916307323,0.92026521,3.42E-21,67
68,KANSAS,CHEYENNE,KANSAS_CHEYENNE,0.686667438,0.437253802,0.002117221,68
69,NEBRASKA,WAYNE,NEBRASKA_WAYNE,2.953073508,0.891149125,8.65E-19,69
70,NEBRASKA,LANCASTER,NEBRASKA_LANCASTER,1.783936652,0.787884003,4.18E-12,70
71,MINNESOTA,RICE,MINNESOTA_RICE,2.219466063,0.895854757,6.90E-19,71
72,NEBRASKA,YORK,NEBRASKA_YORK,2.20361991,0.923100363,5.64E-22,72
73,KANSAS,JEWELL,KANSAS_JEWELL,0.721501976,0.402955683,0.006060943,73
74,SOUTH DAKOTA,MINNEHAHA,SOUTH DAKOTA_MINNEHAHA,2.704886878,0.919218192,1.80E-21,74
75,KANSAS,FRANKLIN,KANSAS_FRANKLIN,1.124381242,0.528824323,0.000111543,75
76,ILLINOIS,SCOTT,ILLINOIS_SCOTT,1.804667467,0.787435699,1.18E-11,76
77,ILLINOIS,KANKAKEE,ILLINOIS_KANKAKEE,1.701348416,0.726163493,1.63E-09,77
78,IOWA,WORTH,IOWA_WORTH,2.044318279,0.872639048,3.50E-17,78
79,IOWA,EMMET,IOWA_EMMET,1.849900452,0.81428469,3.67E-13,79
80,MICHIGAN,GOGEBIC,MICHIGAN_GOGEBIC,3.115151515,0.633199561,0.049384836,80
81,KANSAS,HARPER,KANSAS_HARPER,0.517648084,0.176471323,0.269717642,81
82,OHIO,ALLEN,OHIO_ALLEN,1.605764706,0.742327972,4.53E-10,82
83,INDIANA,RUSH,INDIANA_RUSH,1.782152309,0.782029947,7.67E-12,83
84,MICHIGAN,GENESEE,MICHIGAN_GENESEE,1.585040724,0.856859636,1.05E-15,84
85,SOUTH DAKOTA,TODD,SOUTH DAKOTA_TODD,1.49079556,0.715925258,1.54E-08,85
86,WISCONSIN,OUTAGAMIE,WISCONSIN_OUTAGAMIE,1.773768462,0.859943054,3.22E-16,86
87,INDIANA,MONROE,INDIANA_MONROE,1.604191924,0.725665456,1.16E-09,87
88,IOWA,CARROLL,IOWA_CARROLL,2.331827884,0.840326146,6.69E-15,88
89,OHIO,LAKE,OHIO_LAKE,3.674725275,0.807632547,0.000840492,89
90,NEBRASKA,CLAY,NEBRASKA_CLAY,1.66999095,0.872205525,7.83E-17,90
91,KANSAS,BOURBON,KANSAS_BOURBON,1.26327551,0.642756474,6.37E-07,91
92,SOUTH DAKOTA,HARDING,SOUTH DAKOTA_HARDING,-0.074236453,-0.025571313,0.895245559,92
93,INDIANA,TIPPECANOE,INDIANA_TIPPECANOE,1.985873303,0.817586098,2.46E-13,93
94,INDIANA,BOONE,INDIANA_BOONE,1.807594126,0.780418425,9.03E-12,94
95,IOWA,MADISON,IOWA_MADISON,1.913958849,0.808155312,4.40E-13,95
96,KANSAS,SALINE,KANSAS_SALINE,0.932204082,0.505636568,0.000210561,96
97,MICHIGAN,BARRY,MICHIGAN_BARRY,1.840186118,0.886951381,2.12E-18,97
98,MINNESOTA,WASECA,MINNESOTA_WASECA,2.210087083,0.900675936,9.84E-20,98
99,MINNESOTA,BLUE EARTH,MINNESOTA_BLUE EARTH,2.16082131,0.900043286,1.14E-19,99
100,OHIO,ROSS,OHIO_ROSS,2.060742081,0.863974755,3.27E-16,100
101,IOWA,GUTHRIE,IOWA_GUTHRIE,2.077460941,0.843912526,3.97E-15,101
102,KANSAS,RUSH,KANSAS_RUSH,0.567744891,0.362471475,0.015605651,102
103,KANSAS,KIOWA,KANSAS_KIOWA,2.052825934,0.819467744,1.04E-11,103
104,MISSOURI,VERNON,MISSOURI_VERNON,1.602658033,0.678282033,2.23E-07,104
105,NEBRASKA,GREELEY,NEBRASKA_GREELEY,2.487159566,0.945341488,5.50E-26,105
106,ILLINOIS,HENDERSON,ILLINOIS_HENDERSON,2.019710407,0.845842029,5.64E-15,106
107,ILLINOIS,JOHNSON,ILLINOIS_JOHNSON,1.874283071,0.782997568,7.85E-11,107
108,ILLINOIS,BUREAU,ILLINOIS_BUREAU,2.150277469,0.877130167,1.51E-17,108
109,IOWA,BUENA VISTA,IOWA_BUENA VISTA,2.00158371,0.870364074,5.30E-17,109
110,INDIANA,LAGRANGE,INDIANA_LAGRANGE,1.211850081,0.798103348,1.39E-12,110
111,ILLINOIS,STEPHENSON,ILLINOIS_STEPHENSON,2.237035772,0.867005999,9.64E-17,111
112,INDIANA,LA PORTE,INDIANA_LA PORTE,1.430897294,0.807505124,4.75E-13,112
113,IOWA,APPANOOSE,IOWA_APPANOOSE,1.667013575,0.654146114,1.93E-07,113
114,IOWA,WAPELLO,IOWA_WAPELLO,1.523312217,0.67493337,5.58E-08,114
115,IOWA,ADAMS,IOWA_ADAMS,2.004960384,0.816083215,5.17E-13,115
116,ILLINOIS,PUTNAM,ILLINOIS_PUTNAM,2.408292917,0.898019995,9.71E-19,116
117,ILLINOIS,SCHUYLER,ILLINOIS_SCHUYLER,2.046380091,0.795434649,1.86E-12,117
118,IOWA,CERRO GORDO,IOWA_CERRO GORDO,1.890326987,0.853840578,8.68E-16,118
119,MICHIGAN,BRANCH,MICHIGAN_BRANCH,1.734866747,0.876081204,8.08E-17,119
120,IOWA,CLAY,IOWA_CLAY,2.00954495,0.858836485,3.87E-16,120
121,INDIANA,GREENE,INDIANA_GREENE,1.716622449,0.780903471,3.63E-11,121
122,KANSAS,LOGAN,KANSAS_LOGAN,-0.934334651,-0.444498185,0.002220355,122
123,MICHIGAN,OTSEGO,MICHIGAN_OTSEGO,0.990522648,0.599110233,3.50E-05,123
124,MICHIGAN,ROSCOMMON,MICHIGAN_ROSCOMMON,-1.189285714,-0.451347012,0.261632561,124
125,OHIO,AUGLAIZE,OHIO_AUGLAIZE,1.737065654,0.758127279,7.59E-11,125
126,SOUTH DAKOTA,BRULE,SOUTH DAKOTA_BRULE,2.276457782,0.842635007,4.79E-15,126
127,SOUTH DAKOTA,BEADLE,SOUTH DAKOTA_BEADLE,2.48918552,0.891481329,1.79E-18,127
128,MINNESOTA,GRANT,MINNESOTA_GRANT,2.659475113,0.921207951,1.00E-21,128
129,MISSOURI,TEXAS,MISSOURI_TEXAS,1.419298246,0.628549715,3.10E-05,129
130,SOUTH DAKOTA,LAWRENCE,SOUTH DAKOTA_LAWRENCE,-1.762260536,-0.394346268,0.037843185,130
131,SOUTH DAKOTA,MCCOOK,SOUTH DAKOTA_MCCOOK,2.625283873,0.882603211,5.16E-18,131
132,SOUTH DAKOTA,JERAULD,SOUTH DAKOTA_JERAULD,2.194535414,0.87910372,4.63E-17,132
133,MINNESOTA,LYON,MINNESOTA_LYON,2.505464014,0.877699631,1.35E-17,133
134,WISCONSIN,PORTAGE,WISCONSIN_PORTAGE,1.808524716,0.913969972,3.18E-21,134
135,WISCONSIN,PRICE,WISCONSIN_PRICE,1.076231884,0.632165833,3.19E-06,135
136,WISCONSIN,DUNN,WISCONSIN_DUNN,1.904990182,0.863804202,1.68E-16,136
137,ILLINOIS,IROQUOIS,ILLINOIS_IROQUOIS,1.759600444,0.75055684,1.49E-10,137
138,NEBRASKA,JEFFERSON,NEBRASKA_JEFFERSON,1.374823529,0.763310048,7.39E-11,138
139,NEBRASKA,RED WILLOW,NEBRASKA_RED WILLOW,0.602607443,0.464473837,0.000678934,139
140,NEBRASKA,WEBSTER,NEBRASKA_WEBSTER,1.290326531,0.787180669,1.98E-11,140
141,OHIO,BUTLER,OHIO_BUTLER,1.720886878,0.738746578,6.07E-10,141
142,ILLINOIS,WAYNE,ILLINOIS_WAYNE,1.973773339,0.736021358,2.51E-09,142
143,IOWA,KEOKUK,IOWA_KEOKUK,1.79000683,0.724292046,1.29E-09,143
144,ILLINOIS,WILLIAMSON,ILLINOIS_WILLIAMSON,1.860850679,0.735009589,8.19E-10,144
145,WISCONSIN,WASHINGTON,WISCONSIN_WASHINGTON,1.697985145,0.845617999,3.08E-15,145
146,MINNESOTA,PIPESTONE,MINNESOTA_PIPESTONE,2.677321267,0.894300485,9.73E-19,146
147,MINNESOTA,ROCK,MINNESOTA_ROCK,2.570831555,0.888756594,1.45E-18,147
148,MINNESOTA,STEELE,MINNESOTA_STEELE,2.315837104,0.886182668,2.48E-18,148
149,MISSOURI,MILLER,MISSOURI_MILLER,1.40485785,0.683635973,2.33E-08,149
150,MINNESOTA,TODD,MINNESOTA_TODD,1.88428669,0.844922416,3.41E-15,150
151,IOWA,FREMONT,IOWA_FREMONT,2.139031674,0.840381347,1.24E-14,151
152,INDIANA,CLAY,INDIANA_CLAY,1.823409364,0.76333805,1.15E-10,152
153,NEBRASKA,BOX BUTTE,NEBRASKA_BOX BUTTE,1.390604457,0.811336435,3.01E-13,153
154,INDIANA,HENDRICKS,INDIANA_HENDRICKS,1.82015709,0.758501651,7.34E-11,154
155,ILLINOIS,PERRY,ILLINOIS_PERRY,1.427543818,0.656076346,2.31E-07,155
156,KANSAS,ALLEN,KANSAS_ALLEN,1.123408163,0.578903591,1.32E-05,156
157,KANSAS,HARVEY,KANSAS_HARVEY,0.693208401,0.438843504,0.001136225,157
158,MICHIGAN,GRATIOT,MICHIGAN_GRATIOT,1.819010804,0.882078238,2.63E-17,158
159,KANSAS,LYON,KANSAS_LYON,0.994914027,0.577574588,9.10E-06,159
160,MICHIGAN,INGHAM,MICHIGAN_INGHAM,1.854251686,0.868935998,6.85E-17,160
161,MICHIGAN,IONIA,MICHIGAN_IONIA,2.051780073,0.929876915,2.32E-23,161
162,MICHIGAN,LAKE,MICHIGAN_LAKE,2.408914177,0.821830884,4.52E-10,162
163,MINNESOTA,KANDIYOHI,MINNESOTA_KANDIYOHI,2.608758703,0.896639569,1.32E-18,163
164,MICHIGAN,MECOSTA,MICHIGAN_MECOSTA,1.739643985,0.889376038,1.27E-18,164
165,SOUTH DAKOTA,DAY,SOUTH DAKOTA_DAY,2.786193878,0.926934374,1.22E-21,165
166,MINNESOTA,KANABEC,MINNESOTA_KANABEC,1.417699661,0.694532326,8.61E-08,166
167,ILLINOIS,FAYETTE,ILLINOIS_FAYETTE,2.003882353,0.747423124,2.96E-10,167
168,ILLINOIS,HAMILTON,ILLINOIS_HAMILTON,1.859976118,0.700874989,2.91E-08,168
169,MINNESOTA,ANOKA,MINNESOTA_ANOKA,1.506153846,0.769294911,4.25E-11,169
170,SOUTH DAKOTA,BROOKINGS,SOUTH DAKOTA_BROOKINGS,3.02000905,0.939371088,2.01E-24,170
171,SOUTH DAKOTA,PENNINGTON,SOUTH DAKOTA_PENNINGTON,0.572369338,0.309933049,0.048606491,171
172,SOUTH DAKOTA,BUTTE,SOUTH DAKOTA_BUTTE,1.29546716,0.830989752,8.86E-13,172
173,MINNESOTA,CARLTON,MINNESOTA_CARLTON,2.721625616,0.801821344,1.71E-07,173
174,MINNESOTA,CROW WING,MINNESOTA_CROW WING,1.741449275,0.759339426,9.53E-10,174
175,MICHIGAN,BARAGA,MICHIGAN_BARAGA,1.461758242,0.479655412,0.082630181,175
176,KANSAS,BARTON,KANSAS_BARTON,1.116336735,0.685556076,5.48E-08,176
177,INDIANA,DELAWARE,INDIANA_DELAWARE,1.602501494,0.784209376,6.13E-12,177
178,MICHIGAN,CLARE,MICHIGAN_CLARE,1.75217759,0.84549407,5.16E-13,178
179,OHIO,MADISON,OHIO_MADISON,2.046427047,0.868348406,7.60E-17,179
180,KANSAS,ANDERSON,KANSAS_ANDERSON,1.159131222,0.584288072,6.75E-06,180
181,IOWA,CLARKE,IOWA_CLARKE,1.559387755,0.637651606,8.33E-07,181
182,OHIO,GEAUGA,OHIO_GEAUGA,1.29822449,0.742132615,1.05E-09,182
183,IOWA,CHEROKEE,IOWA_CHEROKEE,2.370552036,0.899900286,2.74E-19,183
184,OHIO,HIGHLAND,OHIO_HIGHLAND,1.925936993,0.857048552,5.18E-16,184
185,ILLINOIS,PULASKI,ILLINOIS_PULASKI,2.153248869,0.826576591,7.98E-14,185
186,MINNESOTA,ISANTI,MINNESOTA_ISANTI,1.496452489,0.793729417,3.72E-12,186
187,MINNESOTA,WATONWAN,MINNESOTA_WATONWAN,2.206245198,0.882729357,5.03E-18,187
188,OHIO,MARION,OHIO_MARION,1.979356271,0.862667366,2.04E-16,188
189,INDIANA,NEWTON,INDIANA_NEWTON,1.78508068,0.773957031,1.72E-11,189
190,KANSAS,JOHNSON,KANSAS_JOHNSON,0.852926829,0.314714568,0.047940797,190
191,IOWA,DAVIS,IOWA_DAVIS,1.547312217,0.603797005,2.72E-06,191
192,ILLINOIS,LIVINGSTON,ILLINOIS_LIVINGSTON,2.053423546,0.754344551,1.07E-10,192
193,IOWA,FAYETTE,IOWA_FAYETTE,2.031994365,0.891646067,7.76E-19,193
194,KANSAS,MCPHERSON,KANSAS_MCPHERSON,0.670524204,0.437824851,0.001170376,194
195,IOWA,FRANKLIN,IOWA_FRANKLIN,1.943020575,0.862899365,1.96E-16,195
196,ILLINOIS,MENARD,ILLINOIS_MENARD,1.932673469,0.744944749,8.36E-10,196
197,KANSAS,THOMAS,KANSAS_THOMAS,-0.065228955,-0.045425371,0.761744024,197
198,IOWA,MARION,IOWA_MARION,1.971348416,0.795670306,3.03E-12,198
199,IOWA,MONTGOMERY,IOWA_MONTGOMERY,2.202646632,0.871615446,4.22E-17,199
200,IOWA,PLYMOUTH,IOWA_PLYMOUTH,2.661945701,0.885251246,6.54E-18,200
201,IOWA,POWESHIEK,IOWA_POWESHIEK,2.283048749,0.845728251,3.03E-15,201
202,ILLINOIS,TAZEWELL,ILLINOIS_TAZEWELL,2.218052591,0.830510092,2.63E-14,202
203,IOWA,POLK,IOWA_POLK,1.993490139,0.844169637,3.82E-15,203
204,NEBRASKA,FRONTIER,NEBRASKA_FRONTIER,0.705628959,0.578503232,8.73E-06,204
205,SOUTH DAKOTA,EDMUNDS,SOUTH DAKOTA_EDMUNDS,2.365285714,0.874219908,2.35E-16,205
206,WISCONSIN,WAUSHARA,WISCONSIN_WAUSHARA,1.770050371,0.876363562,1.74E-17,206
207,MISSOURI,HOWARD,MISSOURI_HOWARD,1.6243083,0.680922419,2.64E-07,207
208,MISSOURI,LINN,MISSOURI_LINN,1.402058279,0.576419101,2.23E-05,208
209,WISCONSIN,ONEIDA,WISCONSIN_ONEIDA,-1.921428571,-0.385883047,0.192821427,209
210,WISCONSIN,VILAS,WISCONSIN_VILAS,-2.801666667,-0.310909428,0.415448107,210
211,SOUTH DAKOTA,DAVISON,SOUTH DAKOTA_DAVISON,2.382423682,0.83040862,9.49E-13,211
212,OHIO,PAULDING,OHIO_PAULDING,1.521266968,0.745882289,3.37E-10,212
213,SOUTH DAKOTA,BUFFALO,SOUTH DAKOTA_BUFFALO,2.09630662,0.734564287,4.57E-08,213
214,MISSOURI,DAVIESS,MISSOURI_DAVIESS,1.530367998,0.633387303,1.35E-06,214
215,MISSOURI,BUCHANAN,MISSOURI_BUCHANAN,1.891122449,0.781879973,3.31E-11,215
216,MISSOURI,SCOTLAND,MISSOURI_SCOTLAND,1.5546716,0.608589375,7.22E-06,216
217,WISCONSIN,MANITOWOC,WISCONSIN_MANITOWOC,1.818052591,0.86109265,2.66E-16,217
218,NEBRASKA,THURSTON,NEBRASKA_THURSTON,2.701632653,0.877757017,1.25E-16,218
219,MISSOURI,GREENE,MISSOURI_GREENE,1.690527009,0.71943382,2.57E-08,219
220,INDIANA,STARKE,INDIANA_STARKE,1.385503001,0.748261699,4.20E-10,220
221,MISSOURI,LACLEDE,MISSOURI_LACLEDE,1.841396855,0.787942208,4.94E-11,221
222,MISSOURI,MCDONALD,MISSOURI_MCDONALD,1.808578431,0.41824937,0.094771642,222
223,MISSOURI,MACON,MISSOURI_MACON,1.471465821,0.543875583,0.000135769,223
224,MISSOURI,MARION,MISSOURI_MARION,1.895581633,0.688126649,4.67E-08,224
225,MINNESOTA,WASHINGTON,MINNESOTA_WASHINGTON,2.245240331,0.843186169,4.41E-15,225
226,NEBRASKA,HITCHCOCK,NEBRASKA_HITCHCOCK,0.031408163,0.028974523,0.84333677,226
227,MISSOURI,BARTON,MISSOURI_BARTON,1.659294118,0.679542225,4.18E-08,227
228,NEBRASKA,HAYES,NEBRASKA_HAYES,1.681507726,0.827596218,3.88E-14,228
229,OHIO,CLARK,OHIO_CLARK,1.986169214,0.874712021,2.38E-17,229
230,MICHIGAN,DICKINSON,MICHIGAN_DICKINSON,1.028574047,0.30994028,0.084287704,230
231,KANSAS,WOODSON,KANSAS_WOODSON,0.9066605,0.516811451,0.000199825,231
232,ILLINOIS,DOUGLAS,ILLINOIS_DOUGLAS,1.96321267,0.766912958,5.31E-11,232
233,MINNESOTA,MCLEOD,MINNESOTA_MCLEOD,2.253846154,0.877203636,1.49E-17,233
234,MISSOURI,NEWTON,MISSOURI_NEWTON,2.026899225,0.772715413,7.99E-10,234
235,NEBRASKA,STANTON,NEBRASKA_STANTON,2.680968326,0.869479447,1.27E-16,235
236,MINNESOTA,RAMSEY,MINNESOTA_RAMSEY,1.811661507,0.52234929,0.026160184,236
237,NEBRASKA,BANNER,NEBRASKA_BANNER,0.224474982,0.151250759,0.327059211,237
238,MISSOURI,STONE,MISSOURI_STONE,1.228928571,0.395120229,0.144941199,238
239,NEBRASKA,BUTLER,NEBRASKA_BUTLER,2.179437377,0.894770892,3.88E-19,239
240,NEBRASKA,DODGE,NEBRASKA_DODGE,2.536856484,0.907196879,1.95E-20,240
241,KANSAS,BROWN,KANSAS_BROWN,2.274780159,0.772644842,1.95E-11,241
242,IOWA,ADAIR,IOWA_ADAIR,1.873828054,0.797180531,2.57E-12,242
243,ILLINOIS,MCDONOUGH,ILLINOIS_MCDONOUGH,2.200669683,0.840186964,1.27E-14,243
244,KANSAS,PHILLIPS,KANSAS_PHILLIPS,-0.439040816,-0.235665913,0.103074772,244
245,MICHIGAN,GRAND TRAVERSE,MICHIGAN_GRAND TRAVERSE,0.935855204,0.600145286,3.24E-06,245
246,IOWA,BENTON,IOWA_BENTON,2.114057031,0.835012891,1.42E-14,246
247,IOWA,HOWARD,IOWA_HOWARD,2.330965594,0.878074339,1.26E-17,247
248,WISCONSIN,OZAUKEE,WISCONSIN_OZAUKEE,1.700326858,0.780730993,1.56E-10,248
249,ILLINOIS,MCLEAN,ILLINOIS_MCLEAN,2.094356698,0.802502741,8.46E-13,249
250,OHIO,SHELBY,OHIO_SHELBY,1.835742338,0.802305327,8.65E-13,250
251,INDIANA,WABASH,INDIANA_WABASH,1.852941176,0.83002293,5.09E-14,251
252,SOUTH DAKOTA,BON HOMME,SOUTH DAKOTA_BON HOMME,2.287375566,0.815360299,3.23E-13,252
253,WISCONSIN,ROCK,WISCONSIN_ROCK,2.063766755,0.882142824,5.66E-18,253
254,INDIANA,MARTIN,INDIANA_MARTIN,1.961632653,0.730287644,2.60E-09,254
255,NEBRASKA,MCPHERSON,NEBRASKA_MCPHERSON,3.125422139,0.885496394,3.23E-14,255
256,MICHIGAN,CRAWFORD,MICHIGAN_CRAWFORD,9.5,0.773099036,0.437411099,256
257,INDIANA,RIPLEY,INDIANA_RIPLEY,1.741728507,0.79127012,4.83E-12,257
258,MISSOURI,TANEY,MISSOURI_TANEY,0.273076923,0.078525685,0.798728742,258
259,KANSAS,CHAUTAUQUA,KANSAS_CHAUTAUQUA,1.237656491,0.661351478,5.63E-07,259
260,NEBRASKA,GARFIELD,NEBRASKA_GARFIELD,2.263113634,0.942350098,2.01E-25,260
261,MISSOURI,CALDWELL,MISSOURI_CALDWELL,1.603438175,0.627352366,1.09E-06,261
262,MISSOURI,SCHUYLER,MISSOURI_SCHUYLER,1.091232477,0.535433476,0.000258366,262
263,MISSOURI,SULLIVAN,MISSOURI_SULLIVAN,1.218763569,0.552344674,4.70E-05,263
264,IOWA,JACKSON,IOWA_JACKSON,2.209758388,0.859608655,3.41E-16,264
265,ILLINOIS,STARK,ILLINOIS_STARK,2.420575429,0.875648953,2.00E-17,265
266,KANSAS,CLAY,KANSAS_CLAY,1.679471459,0.780312821,4.24E-10,266
267,SOUTH DAKOTA,KINGSBURY,SOUTH DAKOTA_KINGSBURY,2.862868778,0.930664944,4.87E-23,267
268,KANSAS,STANTON,KANSAS_STANTON,1.132148285,0.575914853,1.84E-05,268
269,NEBRASKA,THOMAS,NEBRASKA_THOMAS,2.137433155,0.812537125,9.33E-09,269
270,MICHIGAN,ARENAC,MICHIGAN_ARENAC,1.765701357,0.856535679,1.10E-15,270
271,OHIO,DARKE,OHIO_DARKE,1.844766499,0.785252366,5.51E-12,271
272,ILLINOIS,FORD,ILLINOIS_FORD,1.875847349,0.713753473,2.86E-09,272
273,SOUTH DAKOTA,MINER,SOUTH DAKOTA_MINER,2.606642857,0.896802608,2.91E-18,273
274,ILLINOIS,VERMILION,ILLINOIS_VERMILION,1.805628959,0.770677109,3.74E-11,274
275,KANSAS,CHASE,KANSAS_CHASE,1.329824826,0.588971629,3.26E-05,275
276,KANSAS,STAFFORD,KANSAS_STAFFORD,1.027692141,0.601403771,6.17E-06,276
277,INDIANA,WASHINGTON,INDIANA_WASHINGTON,1.634461538,0.718192858,2.98E-09,277
278,INDIANA,NOBLE,INDIANA_NOBLE,1.859276018,0.897667346,2.00E-19,278
279,INDIANA,MADISON,INDIANA_MADISON,1.76150858,0.821740049,8.32E-14,279
280,WISCONSIN,LAFAYETTE,WISCONSIN_LAFAYETTE,2.179868522,0.847323523,2.38E-15,280
281,IOWA,MARSHALL,IOWA_MARSHALL,2.364063348,0.867340231,1.84E-16,281
282,ILLINOIS,CALHOUN,ILLINOIS_CALHOUN,1.93394898,0.833923771,1.01E-13,282
283,NEBRASKA,KNOX,NEBRASKA_KNOX,2.825847349,0.922932817,2.26E-22,283
284,IOWA,DECATUR,IOWA_DECATUR,1.717173469,0.657260569,2.90E-07,284
285,OHIO,PERRY,OHIO_PERRY,1.817806122,0.849148686,1.26E-14,285
286,OHIO,COSHOCTON,OHIO_COSHOCTON,1.384026296,0.801500013,9.48E-13,286
287,ILLINOIS,LAWRENCE,ILLINOIS_LAWRENCE,2.079234694,0.858481265,3.13E-15,287
288,KANSAS,COWLEY,KANSAS_COWLEY,1.253739687,0.639891333,9.74E-07,288
289,OHIO,HANCOCK,OHIO_HANCOCK,1.601642257,0.739778949,8.38E-10,289
290,NEBRASKA,SHERMAN,NEBRASKA_SHERMAN,2.327939042,0.948898953,1.07E-26,290
291,SOUTH DAKOTA,BENNETT,SOUTH DAKOTA_BENNETT,0.984189723,0.535060788,0.000152583,291
292,SOUTH DAKOTA,MELLETTE,SOUTH DAKOTA_MELLETTE,0.500472163,0.440413412,0.002773028,292
293,MINNESOTA,LAC QUI PARLE,MINNESOTA_LAC QUI PARLE,2.731819005,0.909157466,2.84E-20,293
294,NEBRASKA,GARDEN,NEBRASKA_GARDEN,0.685568918,0.459860884,0.001145866,294
295,KANSAS,SMITH,KANSAS_SMITH,0.218115942,0.120704873,0.429631986,295
296,IOWA,DALLAS,IOWA_DALLAS,1.870729104,0.810747652,3.23E-13,296
297,OHIO,CLINTON,OHIO_CLINTON,2.183501238,0.906971299,2.07E-20,297
298,SOUTH DAKOTA,TRIPP,SOUTH DAKOTA_TRIPP,1.490694101,0.771202749,2.24E-11,298
299,MICHIGAN,MONTMORENCY,MICHIGAN_MONTMORENCY,1.301172596,0.69629414,1.09E-07,299
300,NEBRASKA,BUFFALO,NEBRASKA_BUFFALO,2.082162896,0.945856699,1.36E-25,300
301,INDIANA,JOHNSON,INDIANA_JOHNSON,1.373719457,0.67521733,5.49E-08,301
302,INDIANA,DE KALB,INDIANA_DE KALB,1.701022624,0.842741197,8.84E-15,302
303,INDIANA,FOUNTAIN,INDIANA_FOUNTAIN,1.856081633,0.766858619,1.32E-10,303
304,OHIO,MONROE,OHIO_MONROE,1.349315197,0.66082702,3.47E-06,304
305,NEBRASKA,CHERRY,NEBRASKA_CHERRY,2.906642857,0.944740295,2.10E-24,305
306,KANSAS,MEADE,KANSAS_MEADE,2.779192106,0.936781182,1.09E-21,306
307,ILLINOIS,EDWARDS,ILLINOIS_EDWARDS,1.743316327,0.719220785,5.83E-09,307
308,IOWA,MAHASKA,IOWA_MAHASKA,2.135977119,0.815905924,1.73E-13,308
309,MISSOURI,CARTER,MISSOURI_CARTER,-0.266483516,-0.070493942,0.818991527,309
310,MICHIGAN,KALAMAZOO,MICHIGAN_KALAMAZOO,1.802660633,0.862615863,4.11E-16,310
311,MISSOURI,MONTGOMERY,MISSOURI_MONTGOMERY,1.112130916,0.520956307,0.000146907,311
312,IOWA,WAYNE,IOWA_WAYNE,1.610244344,0.63793234,4.77E-07,312
313,MINNESOTA,FARIBAULT,MINNESOTA_FARIBAULT,2.060142577,0.879742005,9.10E-18,313
314,INDIANA,LAWRENCE,INDIANA_LAWRENCE,1.81319457,0.729398879,1.27E-09,314
315,MICHIGAN,OAKLAND,MICHIGAN_OAKLAND,2.031576563,0.832298562,4.60E-12,315
316,WISCONSIN,JUNEAU,WISCONSIN_JUNEAU,1.565824298,0.805913544,5.71E-13,316
317,INDIANA,WELLS,INDIANA_WELLS,1.863489796,0.785056406,2.44E-11,317
318,ILLINOIS,POPE,ILLINOIS_POPE,1.900468137,0.702066881,1.55E-07,318
319,MICHIGAN,ALGER,MICHIGAN_ALGER,2.587362637,0.602951605,0.029158675,319
320,NEBRASKA,BLAINE,NEBRASKA_BLAINE,1.645923345,0.847538005,2.76E-12,320
321,MICHIGAN,ANTRIM,MICHIGAN_ANTRIM,1.046577243,0.693770118,6.42E-08,321
322,IOWA,CLINTON,IOWA_CLINTON,2.235550243,0.862581268,2.07E-16,322
323,MICHIGAN,WEXFORD,MICHIGAN_WEXFORD,1.210854147,0.715042878,2.37E-08,323
324,MICHIGAN,ALPENA,MICHIGAN_ALPENA,1.255773756,0.759379017,1.05E-10,324
325,MICHIGAN,LENAWEE,MICHIGAN_LENAWEE,1.798540084,0.848842961,1.89E-15,325
326,WISCONSIN,FOND DU LAC,WISCONSIN_FOND DU LAC,2.043895671,0.898735126,1.56E-19,326
327,MICHIGAN,MIDLAND,MICHIGAN_MIDLAND,2.068316742,0.935781177,7.91E-24,327
328,KANSAS,OSBORNE,KANSAS_OSBORNE,0.175895571,0.128637345,0.383556838,328
329,KANSAS,ROOKS,KANSAS_ROOKS,-0.356743756,-0.208230476,0.164924849,329
330,NEBRASKA,CUMING,NEBRASKA_CUMING,2.814377188,0.888656438,1.48E-18,330
331,INDIANA,HUNTINGTON,INDIANA_HUNTINGTON,1.748941176,0.793830877,3.68E-12,331
332,INDIANA,BLACKFORD,INDIANA_BLACKFORD,1.886298643,0.825988089,8.60E-14,332
333,SOUTH DAKOTA,MOODY,SOUTH DAKOTA_MOODY,2.898612245,0.929845641,1.77E-22,333
334,IOWA,CEDAR,IOWA_CEDAR,2.011739093,0.81908482,1.16E-13,334
335,INDIANA,MIAMI,INDIANA_MIAMI,1.711054022,0.834244829,5.30E-14,335
336,OHIO,LOGAN,OHIO_LOGAN,1.822679928,0.831189058,2.40E-14,336
337,INDIANA,TIPTON,INDIANA_TIPTON,2.10055067,0.885574066,2.82E-18,337
338,IOWA,LOUISA,IOWA_LOUISA,1.835896013,0.768856906,2.81E-11,338
339,IOWA,TAYLOR,IOWA_TAYLOR,1.977873303,0.786354067,8.03E-12,339
340,WISCONSIN,MARQUETTE,WISCONSIN_MARQUETTE,1.182262443,0.727668326,1.46E-09,340
341,KANSAS,DECATUR,KANSAS_DECATUR,-0.531870883,-0.334383752,0.024764755,341
342,KANSAS,LANE,KANSAS_LANE,0.467167019,0.281510681,0.064139549,342
343,MINNESOTA,YELLOW MEDICINE,MINNESOTA_YELLOW MEDICINE,2.51641629,0.891619191,1.74E-18,343
344,KANSAS,NORTON,KANSAS_NORTON,-0.943135705,-0.585271806,2.41E-05,344
345,MINNESOTA,ROSEAU,MINNESOTA_ROSEAU,1.98870259,0.835359368,2.84E-13,345
346,WISCONSIN,BARRON,WISCONSIN_BARRON,1.673371468,0.830656862,2.58E-14,346
347,MINNESOTA,OTTER TAIL,MINNESOTA_OTTER TAIL,2.577640229,0.919409316,6.63E-22,347
348,WISCONSIN,SHAWANO,WISCONSIN_SHAWANO,1.590506275,0.856454411,5.71E-16,348
349,MICHIGAN,ST CLAIR,MICHIGAN_ST CLAIR,1.896981986,0.92341919,1.94E-22,349
350,IOWA,LUCAS,IOWA_LUCAS,1.542704082,0.650121941,4.29E-07,350
351,MINNESOTA,SIBLEY,MINNESOTA_SIBLEY,2.218799624,0.860475307,2.95E-16,351
352,MINNESOTA,PINE,MINNESOTA_PINE,1.702732293,0.826250407,1.49E-13,352
353,MINNESOTA,JACKSON,MINNESOTA_JACKSON,2.115457184,0.864645701,1.45E-16,353
354,KANSAS,WILSON,KANSAS_WILSON,1.1039819,0.60755739,2.27E-06,354
355,WISCONSIN,SHEBOYGAN,WISCONSIN_SHEBOYGAN,1.797946726,0.894063628,4.55E-19,355
356,SOUTH DAKOTA,POTTER,SOUTH DAKOTA_POTTER,1.952841629,0.869548966,1.25E-16,356
357,INDIANA,BROWN,INDIANA_BROWN,1.261473607,0.45601968,0.008712884,357
358,INDIANA,DAVIESS,INDIANA_DAVIESS,1.982843849,0.792376528,2.60E-12,358
359,INDIANA,ORANGE,INDIANA_ORANGE,2.044156066,0.729024492,8.89E-10,359
360,OHIO,HURON,OHIO_HURON,1.690678733,0.846379789,5.21E-15,360
361,MINNESOTA,STEVENS,MINNESOTA_STEVENS,2.578156749,0.910212024,8.85E-21,361
362,IOWA,CALHOUN,IOWA_CALHOUN,1.966584137,0.843878658,3.99E-15,362
363,NEBRASKA,DAWSON,NEBRASKA_DAWSON,2.046708283,0.932170737,8.08E-23,363
364,IOWA,KOSSUTH,IOWA_KOSSUTH,1.912144626,0.874780432,2.35E-17,364
365,KANSAS,SUMNER,KANSAS_SUMNER,0.682633484,0.423325189,0.001967129,365
366,MICHIGAN,VAN BUREN,MICHIGAN_VAN BUREN,1.996275054,0.83135698,8.48E-13,366
367,MINNESOTA,CARVER,MINNESOTA_CARVER,2.20199778,0.853874229,8.63E-16,367
368,SOUTH DAKOTA,HAND,SOUTH DAKOTA_HAND,2.303590028,0.881732764,6.14E-18,368
369,MINNESOTA,MURRAY,MINNESOTA_MURRAY,2.544463417,0.889423149,1.26E-18,369
370,ILLINOIS,DE KALB,ILLINOIS_DE KALB,1.949398105,0.887625077,1.84E-18,370
371,MICHIGAN,MISSAUKEE,MICHIGAN_MISSAUKEE,1.707772471,0.854695821,1.09E-14,371
372,MICHIGAN,CASS,MICHIGAN_CASS,1.922048152,0.9011582,8.76E-20,372
373,KANSAS,PAWNEE,KANSAS_PAWNEE,1.202675858,0.695073343,4.21E-08,373
374,IOWA,CRAWFORD,IOWA_CRAWFORD,2.762119013,0.900935271,9.24E-20,374
375,IOWA,IDA,IOWA_IDA,2.581909502,0.894067336,1.02E-18,375
376,IOWA,OSCEOLA,IOWA_OSCEOLA,2.274391702,0.890235881,1.05E-18,376
377,IOWA,MILLS,IOWA_MILLS,2.169661465,0.846189271,1.02E-14,377
378,OHIO,DELAWARE,OHIO_DELAWARE,1.772180995,0.827340761,7.22E-14,378
379,MINNESOTA,OLMSTED,MINNESOTA_OLMSTED,2.388858533,0.908189118,1.51E-20,379
380,WISCONSIN,MONROE,WISCONSIN_MONROE,1.38280543,0.814217133,2.13E-13,380
381,OHIO,PIKE,OHIO_PIKE,2.114479592,0.849618499,1.18E-14,381
382,WISCONSIN,RACINE,WISCONSIN_RACINE,1.828003074,0.849237263,1.78E-15,382
383,MISSOURI,BATES,MISSOURI_BATES,2.185673759,0.803288826,1.84E-11,383
384,MISSOURI,JOHNSON,MISSOURI_JOHNSON,1.670642534,0.680035635,4.05E-08,384
385,MISSOURI,HENRY,MISSOURI_HENRY,1.283255702,0.541927347,4.81E-05,385
386,MISSOURI,MERCER,MISSOURI_MERCER,1.494305849,0.665157074,8.42E-07,386
387,INDIANA,WHITLEY,INDIANA_WHITLEY,1.865077265,0.828169054,3.60E-14,387
388,WISCONSIN,CHIPPEWA,WISCONSIN_CHIPPEWA,1.55954495,0.763885719,4.48E-11,388
389,IOWA,TAMA,IOWA_TAMA,2.093088876,0.849900714,1.61E-15,389
390,ILLINOIS,OGLE,ILLINOIS_OGLE,2.162925809,0.885006093,3.17E-18,390
391,KANSAS,TREGO,KANSAS_TREGO,-0.283030303,-0.168277697,0.274875752,391
392,KANSAS,HASKELL,KANSAS_HASKELL,1.722107034,0.808985091,3.48E-12,392
393,MISSOURI,MORGAN,MISSOURI_MORGAN,1.461009135,0.635142541,4.24E-07,393
394,ILLINOIS,LEE,ILLINOIS_LEE,2.074750277,0.883458493,4.34E-18,394
395,NEBRASKA,HARLAN,NEBRASKA_HARLAN,1.479680697,0.861569373,2.45E-16,395
396,NEBRASKA,BROWN,NEBRASKA_BROWN,2.410492197,0.931039041,1.19E-22,396
397,ILLINOIS,JEFFERSON,ILLINOIS_JEFFERSON,1.775393665,0.801872691,1.54E-12,397
398,INDIANA,FAYETTE,INDIANA_FAYETTE,1.797882694,0.771668476,2.14E-11,398
399,KANSAS,LINCOLN,KANSAS_LINCOLN,0.551676231,0.283768899,0.065172061,399
400,ILLINOIS,MONTGOMERY,ILLINOIS_MONTGOMERY,1.994386579,0.777592778,1.20E-11,400
401,KANSAS,DICKINSON,KANSAS_DICKINSON,1.795981555,0.756085607,1.91E-09,401
402,INDIANA,SPENCER,INDIANA_SPENCER,1.8860181,0.792940077,4.05E-12,402
403,ILLINOIS,LA SALLE,ILLINOIS_LA SALLE,2.064153846,0.853351656,1.82E-15,403
404,KANSAS,REPUBLIC,KANSAS_REPUBLIC,1.269402161,0.733427122,1.38E-09,404
405,KANSAS,KEARNY,KANSAS_KEARNY,1.655296443,0.8466308,2.35E-13,405
406,INDIANA,WAYNE,INDIANA_WAYNE,1.752565525,0.77151215,2.18E-11,406
407,IOWA,PALO ALTO,IOWA_PALO ALTO,1.928720225,0.863757717,1.69E-16,407
408,KANSAS,CRAWFORD,KANSAS_CRAWFORD,1.081163275,0.521458468,0.000170888,408
409,MICHIGAN,HOUGHTON,MICHIGAN_HOUGHTON,2.243343653,0.651397541,0.003405881,409
410,MICHIGAN,KENT,MICHIGAN_KENT,1.934517203,0.915375735,2.14E-21,410
411,ILLINOIS,EDGAR,ILLINOIS_EDGAR,1.836895928,0.805132089,1.07E-12,411
412,SOUTH DAKOTA,FALL RIVER,SOUTH DAKOTA_FALL RIVER,0.298508443,0.225727007,0.161362449,412
413,KANSAS,FORD,KANSAS_FORD,1.875528831,0.820547657,2.95E-12,413
414,MISSOURI,WRIGHT,MISSOURI_WRIGHT,1.641382869,0.309571341,0.211263699,414
415,OHIO,MAHONING,OHIO_MAHONING,1.480158798,0.829274976,3.11E-14,415
416,OHIO,MIAMI,OHIO_MIAMI,1.859540681,0.794936552,1.97E-12,416
417,NEBRASKA,MERRICK,NEBRASKA_MERRICK,1.771809955,0.88664858,4.93E-18,417
418,KANSAS,ELLIS,KANSAS_ELLIS,-0.645201882,-0.303937079,0.063572514,418
419,SOUTH DAKOTA,CODINGTON,SOUTH DAKOTA_CODINGTON,2.968085106,0.908822025,1.06E-18,419
420,WISCONSIN,WASHBURN,WISCONSIN_WASHBURN,1.604149236,0.731099186,7.54E-10,420
421,MICHIGAN,EATON,MICHIGAN_EATON,1.898968326,0.878944264,2.25E-17,421
422,KANSAS,SHAWNEE,KANSAS_SHAWNEE,1.337257919,0.677359349,4.80E-08,422
423,KANSAS,GRAY,KANSAS_GRAY,1.768714286,0.802324833,4.18E-12,423
424,NEBRASKA,LINCOLN,NEBRASKA_LINCOLN,1.775147272,0.927533588,5.13E-23,424
425,KANSAS,MONTGOMERY,KANSAS_MONTGOMERY,1.079565611,0.636365619,5.19E-07,425
426,INDIANA,CLARK,INDIANA_CLARK,1.666946982,0.771785014,2.12E-11,426
427,WISCONSIN,RICHLAND,WISCONSIN_RICHLAND,1.530547255,0.849987535,1.59E-15,427
428,WISCONSIN,DANE,WISCONSIN_DANE,2.038273713,0.879700264,9.17E-18,428
429,KANSAS,SEWARD,KANSAS_SEWARD,2.051871724,0.880924686,6.83E-16,429
430,MINNESOTA,GOODHUE,MINNESOTA_GOODHUE,2.302023393,0.916933063,1.37E-21,430
431,MISSOURI,PIKE,MISSOURI_PIKE,1.573522209,0.647335091,3.77E-07,431
432,ILLINOIS,MACON,ILLINOIS_MACON,2.033070093,0.78480576,5.77E-12,432
433,KANSAS,POTTAWATOMIE,KANSAS_POTTAWATOMIE,1.651927602,0.752850596,1.87E-10,433
434,MINNESOTA,HENNEPIN,MINNESOTA_HENNEPIN,2.008558866,0.829013148,3.22E-14,434
435,MINNESOTA,MAHNOMEN,MINNESOTA_MAHNOMEN,2.159458834,0.8196658,1.85E-12,435
436,SOUTH DAKOTA,JONES,SOUTH DAKOTA_JONES,0.629565217,0.393028734,0.007568266,436
437,OHIO,LICKING,OHIO_LICKING,1.786593037,0.878289096,5.38E-17,437
438,MISSOURI,CRAWFORD,MISSOURI_CRAWFORD,1.154652174,0.448417114,0.027969052,438
439,MISSOURI,POLK,MISSOURI_POLK,1.858051187,0.705373965,4.41E-08,439
440,INDIANA,LAKE,INDIANA_LAKE,1.747397959,0.808292251,2.18E-12,440
441,INDIANA,OWEN,INDIANA_OWEN,1.486655462,0.684955869,4.10E-08,441
442,IOWA,WARREN,IOWA_WARREN,1.669517407,0.726329559,2.37E-09,442
443,NEBRASKA,RICHARDSON,NEBRASKA_RICHARDSON,2.09765645,0.814697011,2.01E-13,443
444,MINNESOTA,TRAVERSE,MINNESOTA_TRAVERSE,2.79865534,0.911829511,5.73E-21,444
445,MISSOURI,OZARK,MISSOURI_OZARK,0.313214286,0.082874747,0.76903928,445
446,MISSOURI,JACKSON,MISSOURI_JACKSON,1.918428571,0.746228603,7.55E-10,446
447,WISCONSIN,VERNON,WISCONSIN_VERNON,1.534436097,0.869656859,6.02E-17,447
448,MISSOURI,PEMISCOT,MISSOURI_PEMISCOT,2.030112896,0.869380955,1.10E-15,448
449,OHIO,OTTAWA,OHIO_OTTAWA,1.804751131,0.828684969,6.06E-14,449
450,OHIO,CUYAHOGA,OHIO_CUYAHOGA,2.208041958,0.587339285,0.044642498,450
451,OHIO,FAIRFIELD,OHIO_FAIRFIELD,1.903547511,0.85195239,2.25E-15,451
452,SOUTH DAKOTA,HANSON,SOUTH DAKOTA_HANSON,2.535122449,0.852288646,7.98E-15,452
453,WISCONSIN,BROWN,WISCONSIN_BROWN,1.697846939,0.836144129,7.57E-14,453
454,WISCONSIN,EAU CLAIRE,WISCONSIN_EAU CLAIRE,1.769772902,0.871798874,4.08E-17,454
455,INDIANA,VERMILLION,INDIANA_VERMILLION,1.806608042,0.785980433,5.11E-12,455
456,SOUTH DAKOTA,BROWN,SOUTH DAKOTA_BROWN,2.887334586,0.937869592,1.24E-24,456
457,MICHIGAN,GLADWIN,MICHIGAN_GLADWIN,2.139611376,0.895181201,9.34E-18,457
458,MICHIGAN,ALCONA,MICHIGAN_ALCONA,0.875839807,0.369654599,0.022362128,458
459,MINNESOTA,WRIGHT,MINNESOTA_WRIGHT,2.082141657,0.853500081,3.44E-15,459
460,IOWA,JASPER,IOWA_JASPER,2.387013575,0.876026519,3.89E-17,460
461,INDIANA,KNOX,INDIANA_KNOX,1.796854742,0.766169611,8.94E-11,461
462,ILLINOIS,DU PAGE,ILLINOIS_DU PAGE,1.438461538,0.679889208,1.93E-06,462
463,INDIANA,HAMILTON,INDIANA_HAMILTON,1.648437633,0.797566542,1.47E-12,463
464,IOWA,MONROE,IOWA_MONROE,1.737457014,0.693673682,1.67E-08,464
465,IOWA,WASHINGTON,IOWA_WASHINGTON,2.043040724,0.780913851,1.39E-11,465
466,MINNESOTA,DODGE,MINNESOTA_DODGE,2.510959276,0.910962265,1.77E-20,466
467,MISSOURI,AUDRAIN,MISSOURI_AUDRAIN,1.588361991,0.620139815,1.21E-06,467
468,NEBRASKA,JOHNSON,NEBRASKA_JOHNSON,1.749746606,0.762310753,8.09E-11,468
469,OHIO,WYANDOT,OHIO_WYANDOT,1.70671903,0.780513277,8.94E-12,469
470,INDIANA,HENRY,INDIANA_HENRY,1.955486194,0.83270632,6.49E-14,470
471,KANSAS,GRANT,KANSAS_GRANT,1.744900555,0.760513287,5.57E-10,471
472,NEBRASKA,HAMILTON,NEBRASKA_HAMILTON,2.274343891,0.933793574,1.63E-23,472
473,NEBRASKA,ARTHUR,NEBRASKA_ARTHUR,1.367022285,0.625508625,3.48E-05,473
474,ILLINOIS,GREENE,ILLINOIS_GREENE,2.002992402,0.841064659,6.02E-15,474
475,ILLINOIS,CASS,ILLINOIS_CASS,2.044267054,0.836575014,1.14E-14,475
476,MISSOURI,PUTNAM,MISSOURI_PUTNAM,1.18222692,0.569941261,5.38E-05,476
477,ILLINOIS,ST CLAIR,ILLINOIS_ST CLAIR,1.849295654,0.800692531,1.04E-12,477
478,INDIANA,JEFFERSON,INDIANA_JEFFERSON,1.726020408,0.761262823,3.36E-10,478
479,IOWA,VAN BUREN,IOWA_VAN BUREN,1.746136771,0.706043423,5.01E-09,479
480,IOWA,HARRISON,IOWA_HARRISON,2.240086435,0.879942629,3.95E-17,480
481,MISSOURI,WORTH,MISSOURI_WORTH,1.550054299,0.662239753,1.21E-07,481
482,MICHIGAN,IRON,MICHIGAN_IRON,1.465384615,0.430691511,0.141781954,482
483,MINNESOTA,WINONA,MINNESOTA_WINONA,2.141684453,0.904908934,3.48E-20,483
484,OHIO,HARRISON,OHIO_HARRISON,1.301166867,0.70107104,1.43E-08,484
485,KANSAS,SHERMAN,KANSAS_SHERMAN,0.543613933,0.397455029,0.003526751,485
486,MISSOURI,COLE,MISSOURI_COLE,1.795520362,0.772539061,3.13E-11,486
487,OHIO,TRUMBULL,OHIO_TRUMBULL,1.899005379,0.890294762,1.04E-18,487
488,NEBRASKA,PLATTE,NEBRASKA_PLATTE,2.662165969,0.937762952,1.29E-24,488
489,ILLINOIS,DE WITT,ILLINOIS_DE WITT,2.05057383,0.830731977,8.41E-14,489
490,KANSAS,BARBER,KANSAS_BARBER,1.386679842,0.564344355,5.39703E-05,490
491,NEBRASKA,BURT,NEBRASKA_BURT,2.439520191,0.897467301,2.10E-19,491
492,OHIO,BROWN,OHIO_BROWN,2.053999829,0.87272188,3.45E-17,492
493,OHIO,PREBLE,OHIO_PREBLE,1.777371297,0.760703372,6.01E-11,493
494,OHIO,GALLIA,OHIO_GALLIA,1.829142857,0.857252496,3.79E-15,494
495,MISSOURI,NODAWAY,MISSOURI_NODAWAY,1.626020408,0.701464519,1.98E-08,495
496,INDIANA,PULASKI,INDIANA_PULASKI,1.632162896,0.786383963,8.00E-12,496
497,INDIANA,SCOTT,INDIANA_SCOTT,1.632633854,0.801525549,2.70E-12,497
498,IOWA,CHICKASAW,IOWA_CHICKASAW,2.250956203,0.870235085,5.42E-17,498
499,NEBRASKA,GOSPER,NEBRASKA_GOSPER,1.791308523,0.90100605,4.93E-19,499
500,NEBRASKA,LOGAN,NEBRASKA_LOGAN,2.512271493,0.927888295,1.23E-22,500
501,MICHIGAN,OSCODA,MICHIGAN_OSCODA,0.910119658,0.467173756,0.016117168,501
502,MISSOURI,CHRISTIAN,MISSOURI_CHRISTIAN,1.565789474,0.654841845,1.09581E-05,502
503,OHIO,CARROLL,OHIO_CARROLL,0.794434389,0.525547581,7.49E-05,503
504,SOUTH DAKOTA,SPINK,SOUTH DAKOTA_SPINK,2.780253394,0.926257274,2.09E-22,504
505,WISCONSIN,MARATHON,WISCONSIN_MARATHON,1.379049774,0.770550715,3.78E-11,505
506,ILLINOIS,SALINE,ILLINOIS_SALINE,2.042289593,0.768543752,4.56E-11,506
507,MINNESOTA,WILKIN,MINNESOTA_WILKIN,2.484480192,0.917074022,8.45E-21,507
508,IOWA,JONES,IOWA_JONES,2.074932127,0.833025728,3.41E-14,508
509,MISSOURI,LAWRENCE,MISSOURI_LAWRENCE,1.735755102,0.756315426,3.29E-10,509
510,MISSOURI,ATCHISON,MISSOURI_ATCHISON,2.182285714,0.789080568,9.97E-12,510
511,NEBRASKA,CASS,NEBRASKA_CASS,2.255963801,0.794895415,3.29E-12,511
512,ILLINOIS,CARROLL,ILLINOIS_CARROLL,2.551485529,0.910853146,7.46E-21,512
513,MISSOURI,ST CHARLES,MISSOURI_ST CHARLES,1.837996243,0.81088229,3.18E-13,513
514,OHIO,MEIGS,OHIO_MEIGS,1.638031212,0.836314328,4.02E-14,514
515,SOUTH DAKOTA,CORSON,SOUTH DAKOTA_CORSON,1.406036014,0.818697053,3.78E-13,515
516,INDIANA,ADAMS,INDIANA_ADAMS,1.617230769,0.786450716,7.95E-12,516
517,KANSAS,GREELEY,KANSAS_GREELEY,-0.753462843,-0.38553812,0.008143911,517
518,MISSOURI,STODDARD,MISSOURI_STODDARD,1.772778281,0.881496182,1.38E-17,518
519,ILLINOIS,CRAWFORD,ILLINOIS_CRAWFORD,1.672687783,0.687127326,2.57E-08,519
520,IOWA,SIOUX,IOWA_SIOUX,2.718214804,0.927156703,5.81E-23,520
521,INDIANA,HARRISON,INDIANA_HARRISON,1.789033552,0.712250695,3.19E-09,521
522,INDIANA,WARREN,INDIANA_WARREN,1.970225391,0.794334843,2.10E-12,522
523,IOWA,CLAYTON,IOWA_CLAYTON,2.121753607,0.901428664,8.21E-20,523
524,IOWA,WINNESHIEK,IOWA_WINNESHIEK,2.243682233,0.903910326,4.47E-20,524
525,ILLINOIS,PEORIA,ILLINOIS_PEORIA,2.462678221,0.873185743,3.16E-17,525
526,ILLINOIS,GRUNDY,ILLINOIS_GRUNDY,1.992154017,0.772903651,1.90E-11,526
527,INDIANA,JACKSON,INDIANA_JACKSON,1.488115246,0.704874021,1.10E-08,527
528,INDIANA,HANCOCK,INDIANA_HANCOCK,1.563416716,0.776203974,1.38E-11,528
529,KANSAS,RICE,KANSAS_RICE,0.51916127,0.295356799,0.046285284,529
530,KANSAS,SHERIDAN,KANSAS_SHERIDAN,-0.028755102,-0.0207149,0.88765187,530
531,NEBRASKA,NANCE,NEBRASKA_NANCE,2.247755656,0.91960771,1.61E-21,531
532,MICHIGAN,SHIAWASSEE,MICHIGAN_SHIAWASSEE,1.87400905,0.908626755,3.25E-20,532
533,OHIO,HOCKING,OHIO_HOCKING,1.634116559,0.798053082,3.10E-11,533
534,KANSAS,RILEY,KANSAS_RILEY,1.690764163,0.692913377,1.33E-07,534
535,NEBRASKA,KEITH,NEBRASKA_KEITH,1.006262443,0.734554532,8.49E-10,535
536,NEBRASKA,WASHINGTON,NEBRASKA_WASHINGTON,2.293912747,0.870803341,4.89E-17,536
537,MISSOURI,CLARK,MISSOURI_CLARK,1.449436223,0.554213885,9.49E-05,537
538,SOUTH DAKOTA,JACKSON,SOUTH DAKOTA_JACKSON,1.440010947,0.545173637,0.002698569,538
539,SOUTH DAKOTA,DEWEY,SOUTH DAKOTA_DEWEY,1.253530655,0.752215564,3.94E-09,539
540,SOUTH DAKOTA,HUTCHINSON,SOUTH DAKOTA_HUTCHINSON,2.453158371,0.81853721,2.19E-13,540
541,SOUTH DAKOTA,UNION,SOUTH DAKOTA_UNION,2.514325792,0.881722031,1.32E-17,541
542,SOUTH DAKOTA,ROBERTS,SOUTH DAKOTA_ROBERTS,2.827130852,0.931473309,1.02E-22,542
543,WISCONSIN,JACKSON,WISCONSIN_JACKSON,1.765995048,0.874375318,2.54E-17,543
544,WISCONSIN,BURNETT,WISCONSIN_BURNETT,1.235042261,0.745208431,2.36E-10,544
545,MINNESOTA,CLEARWATER,MINNESOTA_CLEARWATER,1.817984496,0.76634357,1.33E-09,545
546,MISSOURI,IRON,MISSOURI_IRON,0.090441176,0.019760863,0.942094185,546
547,MISSOURI,BOLLINGER,MISSOURI_BOLLINGER,1.960132653,0.855710335,4.79E-15,547
548,MICHIGAN,MONROE,MICHIGAN_MONROE,1.799291386,0.855179803,7.01E-16,548
549,MINNESOTA,SWIFT,MINNESOTA_SWIFT,2.626723982,0.92334281,5.23E-22,549
550,ILLINOIS,SHELBY,ILLINOIS_SHELBY,1.828767182,0.756170394,9.06E-11,550
551,INDIANA,JAY,INDIANA_JAY,1.744984394,0.78129992,2.16E-11,551
552,INDIANA,FRANKLIN,INDIANA_FRANKLIN,1.897682063,0.797734639,1.45E-12,552
553,MISSOURI,JEFFERSON,MISSOURI_JEFFERSON,1.311205498,0.748718779,1.74E-10,553
554,OHIO,ERIE,OHIO_ERIE,1.606208884,0.832362174,6.79E-14,554
555,NEBRASKA,NUCKOLLS,NEBRASKA_NUCKOLLS,1.189556561,0.767153373,5.19E-11,555
556,OHIO,NOBLE,OHIO_NOBLE,1.479944899,0.720351131,7.52E-08,556
557,SOUTH DAKOTA,GREGORY,SOUTH DAKOTA_GREGORY,1.658972389,0.749523469,3.79E-10,557
558,WISCONSIN,PEPIN,WISCONSIN_PEPIN,1.870391872,0.905916857,2.70E-20,558
559,ILLINOIS,LOGAN,ILLINOIS_LOGAN,1.989251259,0.775274836,1.51E-11,559
560,INDIANA,PUTNAM,INDIANA_PUTNAM,1.813420814,0.765250652,6.19E-11,560
561,KANSAS,EDWARDS,KANSAS_EDWARDS,1.715928571,0.818558005,6.76E-13,561
562,MICHIGAN,NEWAYGO,MICHIGAN_NEWAYGO,1.669862546,0.875537659,2.04E-17,562
563,MISSOURI,CLINTON,MISSOURI_CLINTON,1.725172885,0.669343685,5.79E-08,563
564,MISSOURI,PETTIS,MISSOURI_PETTIS,1.658090498,0.63954506,4.37E-07,564
565,NEBRASKA,HOWARD,NEBRASKA_HOWARD,1.984794673,0.929877733,2.32E-23,565
566,NEBRASKA,WHEELER,NEBRASKA_WHEELER,2.271733615,0.913842758,4.85E-18,566
567,NEBRASKA,HOOKER,NEBRASKA_HOOKER,3.767786561,0.816627304,2.00E-06,567
568,NEBRASKA,VALLEY,NEBRASKA_VALLEY,2.273085973,0.935998531,7.29E-24,568
569,OHIO,HENRY,OHIO_HENRY,1.68921267,0.808538684,7.21E-13,569
570,MISSOURI,BUTLER,MISSOURI_BUTLER,2.220814061,0.899116529,9.34E-18,570
571,ILLINOIS,COOK,ILLINOIS_COOK,1.700830565,0.745296049,9.88E-09,571
572,ILLINOIS,FRANKLIN,ILLINOIS_FRANKLIN,1.773828225,0.727600009,9.94E-10,572
573,KANSAS,GEARY,KANSAS_GEARY,1.705637455,0.761184562,1.39E-10,573
574,ILLINOIS,WHITE,ILLINOIS_WHITE,2.144813455,0.826561499,4.45E-14,574
575,KANSAS,WALLACE,KANSAS_WALLACE,0.446311286,0.349389945,0.016075244,575
576,KANSAS,MARION,KANSAS_MARION,0.905176471,0.553576149,2.51E-05,576
577,KANSAS,WABAUNSEE,KANSAS_WABAUNSEE,1.176042119,0.601630985,6.10E-06,577
578,ILLINOIS,HANCOCK,ILLINOIS_HANCOCK,2.268488688,0.799678328,1.96E-12,578
579,MINNESOTA,BIG STONE,MINNESOTA_BIG STONE,2.699099291,0.907147899,1.97E-20,579
580,WISCONSIN,TAYLOR,WISCONSIN_TAYLOR,1.458000434,0.728266089,4.45E-09,580
581,INDIANA,STEUBEN,INDIANA_STEUBEN,1.580040816,0.82229839,4.33E-13,581
582,MINNESOTA,REDWOOD,MINNESOTA_REDWOOD,2.389848886,0.87344212,3.02E-17,582
583,KANSAS,WYANDOTTE,KANSAS_WYANDOTTE,0.952844273,0.372910882,0.025091493,583
584,OHIO,CRAWFORD,OHIO_CRAWFORD,1.997443012,0.851505929,1.25E-15,584
585,NEBRASKA,CEDAR,NEBRASKA_CEDAR,2.966289593,0.926903097,6.32E-23,585
586,OHIO,LAWRENCE,OHIO_LAWRENCE,1.423855227,0.751806931,1.13E-09,586
587,ILLINOIS,MASSAC,ILLINOIS_MASSAC,2.000591837,0.83408633,9.91E-14,587
588,NEBRASKA,BOYD,NEBRASKA_BOYD,2.088601824,0.810282079,3.02E-12,588
589,ILLINOIS,MADISON,ILLINOIS_MADISON,2.037983437,0.800872497,1.02E-12,589
590,IOWA,LEE,IOWA_LEE,1.77150175,0.684764004,2.16E-08,590
591,INDIANA,SULLIVAN,INDIANA_SULLIVAN,1.957839136,0.857709561,1.80E-15,591
592,MINNESOTA,DOUGLAS,MINNESOTA_DOUGLAS,2.59417527,0.885376852,1.39E-17,592
593,SOUTH DAKOTA,AURORA,SOUTH DAKOTA_AURORA,2.235855204,0.849497882,3.27E-15,593
594,KANSAS,WICHITA,KANSAS_WICHITA,0.271963801,0.181884103,0.20146227,594
595,MICHIGAN,KEWEENAW,MICHIGAN_KEWEENAW,-6.5,-0.909469025,0.032250947,595
596,MICHIGAN,MASON,MICHIGAN_MASON,2.066709066,0.871017582,1.73E-15,596
597,WISCONSIN,DODGE,WISCONSIN_DODGE,2.052441731,0.919135191,7.19E-22,597
598,SOUTH DAKOTA,GRANT,SOUTH DAKOTA_GRANT,2.687927943,0.921819877,3.19E-22,598
599,MICHIGAN,MONTCALM,MICHIGAN_MONTCALM,1.850973278,0.922823093,2.34E-22,599
600,ILLINOIS,RICHLAND,ILLINOIS_RICHLAND,1.641891957,0.679992803,5.60E-08,600
601,MICHIGAN,ALLEGAN,MICHIGAN_ALLEGAN,1.974950226,0.870440832,1.07E-16,601
602,ILLINOIS,WABASH,ILLINOIS_WABASH,1.788941176,0.776778491,2.08E-11,602
603,ILLINOIS,CLAY,ILLINOIS_CLAY,2.018832579,0.789053982,6.08E-12,603
604,INDIANA,CASS,INDIANA_CASS,1.827913565,0.8033933,2.20E-12,604
605,IOWA,DELAWARE,IOWA_DELAWARE,2.209433962,0.863224491,1.85E-16,605
606,KANSAS,COFFEY,KANSAS_COFFEY,1.103357466,0.559452632,1.97E-05,606
607,NEBRASKA,MORRILL,NEBRASKA_MORRILL,1.708204559,0.899025028,1.46E-19,607
608,KANSAS,RUSSELL,KANSAS_RUSSELL,0.299271709,0.114125258,0.513890557,608
609,MINNESOTA,ITASCA,MINNESOTA_ITASCA,2.627498588,0.856627449,3.62E-07,609
610,SOUTH DAKOTA,CLAY,SOUTH DAKOTA_CLAY,2.524633484,0.845609722,5.83E-15,610
611,WISCONSIN,JEFFERSON,WISCONSIN_JEFFERSON,1.93239819,0.877646408,2.88E-17,611
612,WISCONSIN,GRANT,WISCONSIN_GRANT,2.094493298,0.873078426,3.23E-17,612
613,WISCONSIN,COLUMBIA,WISCONSIN_COLUMBIA,1.974955178,0.891960452,7.25E-19,613
614,ILLINOIS,JO DAVIESS,ILLINOIS_JO DAVIESS,2.178481175,0.861452234,2.50E-16,614
615,MINNESOTA,BROWN,MINNESOTA_BROWN,2.266588406,0.888178375,1.64E-18,615
616,MINNESOTA,LINCOLN,MINNESOTA_LINCOLN,2.618262443,0.885900644,5.74E-18,616
617,INDIANA,BENTON,INDIANA_BENTON,1.911461624,0.798344497,1.35E-12,617
618,IOWA,JOHNSON,IOWA_JOHNSON,1.996054299,0.805345858,1.04E-12,618
619,IOWA,SHELBY,IOWA_SHELBY,2.44639819,0.890142543,2.38E-18,619
620,KANSAS,HODGEMAN,KANSAS_HODGEMAN,1.537700348,0.689697872,6.11E-07,620
621,INDIANA,WHITE,INDIANA_WHITE,1.834904977,0.804897164,1.09E-12,621
622,INDIANA,KOSCIUSKO,INDIANA_KOSCIUSKO,1.977396909,0.887835029,1.76E-18,622
623,IOWA,WOODBURY,IOWA_WOODBURY,2.595884914,0.902776016,5.91E-20,623
624,MICHIGAN,LIVINGSTON,MICHIGAN_LIVINGSTON,1.774276445,0.876290732,1.77E-17,624
625,OHIO,ADAMS,OHIO_ADAMS,1.67359276,0.750569344,2.27E-10,625
626,OHIO,MEDINA,OHIO_MEDINA,1.578101255,0.805226608,6.19E-13,626
627,KANSAS,MIAMI,KANSAS_MIAMI,1.387040041,0.621738635,8.68E-07,627
628,WISCONSIN,CRAWFORD,WISCONSIN_CRAWFORD,1.632741398,0.87517126,2.19E-17,628
629,ILLINOIS,SANGAMON,ILLINOIS_SANGAMON,2.073952019,0.838201257,9.07E-15,629
630,ILLINOIS,MOULTRIE,ILLINOIS_MOULTRIE,1.80179288,0.77353231,1.79E-11,630
631,OHIO,UNION,OHIO_UNION,2.002407581,0.849794624,1.63E-15,631
632,MISSOURI,ST FRANCOIS,MISSOURI_ST FRANCOIS,2.060566535,0.784117212,1.88E-10,632
633,MICHIGAN,CHIPPEWA,MICHIGAN_CHIPPEWA,1.129166667,0.392715179,0.118927621,633
634,MISSOURI,SHANNON,MISSOURI_SHANNON,-0.166323529,-0.057354903,0.832901198,634
635,MISSOURI,BENTON,MISSOURI_BENTON,1.634666975,0.6120012,4.86E-06,635
636,MISSOURI,GASCONADE,MISSOURI_GASCONADE,1.584261077,0.761003479,5.85E-11,636
637,MISSOURI,MARIES,MISSOURI_MARIES,1.59605102,0.74433373,8.78E-10,637
638,MISSOURI,DUNKLIN,MISSOURI_DUNKLIN,2.151563025,0.901202616,4.71E-19,638
639,INDIANA,ST. JOSEPH,INDIANA_ST. JOSEPH,1.739148809,0.888101706,1.66E-18,639
640,WISCONSIN,GREEN,WISCONSIN_GREEN,2.024425339,0.815044934,3.35E-13,640
641,ILLINOIS,WHITESIDE,ILLINOIS_WHITESIDE,2.136275933,0.873394864,3.04E-17,641
642,IOWA,DES MOINES,IOWA_DES MOINES,1.756941176,0.740567303,5.23E-10,642
643,MICHIGAN,LEELANAU,MICHIGAN_LEELANAU,0.527018193,0.371673188,0.010982099,643
644,MICHIGAN,EMMET,MICHIGAN_EMMET,0.893199436,0.605808358,1.32E-05,644
645,ILLINOIS,BOONE,ILLINOIS_BOONE,2.079312217,0.850732378,2.71E-15,645
646,KANSAS,ELLSWORTH,KANSAS_ELLSWORTH,0.510919325,0.215953621,0.180780459,646
647,IOWA,BOONE,IOWA_BOONE,1.945735508,0.817818527,1.36E-13,647
648,MINNESOTA,WABASHA,MINNESOTA_WABASHA,2.304597456,0.924754089,1.27E-22,648
649,OHIO,LORAIN,OHIO_LORAIN,1.763285714,0.849715443,1.16E-14,649
650,OHIO,JACKSON,OHIO_JACKSON,1.565479592,0.771180268,8.97E-11,650
651,NEBRASKA,GAGE,NEBRASKA_GAGE,1.422620166,0.756488846,8.80E-11,651
652,OHIO,MORROW,OHIO_MORROW,1.836816327,0.877444737,6.29E-17,652
653,OHIO,MUSKINGUM,OHIO_MUSKINGUM,1.778156749,0.855139898,7.05E-16,653
654,ILLINOIS,MONROE,ILLINOIS_MONROE,1.726184581,0.767359522,3.24E-11,654
655,KANSAS,MORRIS,KANSAS_MORRIS,0.978262443,0.485009747,0.000309715,655
656,MICHIGAN,CHARLEVOIX,MICHIGAN_CHARLEVOIX,1.075911854,0.732893205,3.17E-09,656
657,MINNESOTA,MARSHALL,MINNESOTA_MARSHALL,2.003308523,0.868999256,2.82E-16,657
658,MINNESOTA,RED LAKE,MINNESOTA_RED LAKE,1.86268997,0.792553419,1.92E-11,658
659,MICHIGAN,OGEMAW,MICHIGAN_OGEMAW,1.806570136,0.859008272,7.42E-16,659
660,IOWA,FLOYD,IOWA_FLOYD,2.068522155,0.854745368,7.51E-16,660
661,IOWA,GREENE,IOWA_GREENE,2.014253394,0.812383273,2.66E-13,661
662,IOWA,WINNEBAGO,IOWA_WINNEBAGO,2.068957569,0.879263414,9.99E-18,662
663,MINNESOTA,RENVILLE,MINNESOTA_RENVILLE,2.319832665,0.868604234,7.27E-17,663
664,WISCONSIN,TREMPEALEAU,WISCONSIN_TREMPEALEAU,1.632741398,0.87047577,5.19E-17,664
665,WISCONSIN,BUFFALO,WISCONSIN_BUFFALO,1.683283531,0.907391559,1.85E-20,665
666,MISSOURI,HOWELL,MISSOURI_HOWELL,1.929181929,0.496424402,0.008443664,666
667,MISSOURI,PERRY,MISSOURI_PERRY,1.738290516,0.770081589,6.26E-11,667
668,ILLINOIS,WOODFORD,ILLINOIS_WOODFORD,2.29010928,0.813701628,2.26E-13,668
669,KANSAS,DOUGLAS,KANSAS_DOUGLAS,1.09434816,0.544310019,3.03E-05,669
670,OHIO,HARDIN,OHIO_HARDIN,1.590408094,0.762722284,4.99E-11,670
671,WISCONSIN,LANGLADE,WISCONSIN_LANGLADE,1.269178496,0.666065742,1.09E-06,671
672,MISSOURI,NEW MADRID,MISSOURI_NEW MADRID,1.955039616,0.899512249,6.94E-19,672
673,KANSAS,ELK,KANSAS_ELK,1.577244538,0.638971836,3.04E-06,673
674,MICHIGAN,PRESQUE ISLE,MICHIGAN_PRESQUE ISLE,1.493602041,0.856142615,4.48E-15,674
675,ILLINOIS,COLES,ILLINOIS_COLES,1.907692308,0.774326776,2.64E-11,675
676,INDIANA,DUBOIS,INDIANA_DUBOIS,1.864027149,0.76532863,3.92E-11,676
677,IOWA,HUMBOLDT,IOWA_HUMBOLDT,1.919947921,0.848724834,1.92E-15,677
678,NEBRASKA,SARPY,NEBRASKA_SARPY,2.51162545,0.816702564,4.80E-13,678
679,NEBRASKA,CHASE,NEBRASKA_CHASE,1.683842739,0.811838068,2.84E-13,679
680,MISSOURI,OREGON,MISSOURI_OREGON,0.341785714,0.110923934,0.693909879,680
681,OHIO,STARK,OHIO_STARK,1.39999095,0.759468558,1.04E-10,681
682,WISCONSIN,DOOR,WISCONSIN_DOOR,1.282489796,0.723966871,4.14E-09,682
683,IOWA,ALLAMAKEE,IOWA_ALLAMAKEE,2.005848203,0.893939092,4.68E-19,683
684,WISCONSIN,LA CROSSE,WISCONSIN_LA CROSSE,1.639703748,0.899094927,1.43E-19,684
685,MISSOURI,RIPLEY,MISSOURI_RIPLEY,2.796423797,0.771627361,1.46E-07,685
686,NEBRASKA,DUNDY,NEBRASKA_DUNDY,1.687773756,0.785718683,8.57E-12,686
687,ILLINOIS,HARDIN,ILLINOIS_HARDIN,1.669606004,0.631791413,1.23E-05,687
688,WISCONSIN,MILWAUKEE,WISCONSIN_MILWAUKEE,1.660133897,0.776501973,5.85E-10,688
689,KANSAS,RAWLINS,KANSAS_RAWLINS,-0.399204082,-0.23931121,0.097702599,689
690,MICHIGAN,BERRIEN,MICHIGAN_BERRIEN,2.175969388,0.925593527,1.84E-21,690
691,MISSOURI,COOPER,MISSOURI_COOPER,1.693975486,0.622580641,2.97E-06,691
692,OHIO,JEFFERSON,OHIO_JEFFERSON,1.423860623,0.743145721,3.32E-09,692
693,MICHIGAN,MACOMB,MICHIGAN_MACOMB,1.904358405,0.917831383,1.06E-21,693
694,MICHIGAN,SAGINAW,MICHIGAN_SAGINAW,1.880333817,0.927995257,4.40E-23,694
695,ILLINOIS,KANE,ILLINOIS_KANE,1.85234355,0.853137585,9.70E-16,695
696,OHIO,PICKAWAY,OHIO_PICKAWAY,1.838615214,0.780223585,9.21E-12,696
697,NEBRASKA,SAUNDERS,NEBRASKA_SAUNDERS,2.479782805,0.887623899,4.03E-18,697
698,MINNESOTA,STEARNS,MINNESOTA_STEARNS,2.23866217,0.882380126,5.39E-18,698
699,NEBRASKA,DEUEL,NEBRASKA_DEUEL,0.090447243,0.062627945,0.672384839,699
700,MINNESOTA,POPE,MINNESOTA_POPE,2.504448049,0.905800559,2.78E-20,700
701,ILLINOIS,CUMBERLAND,ILLINOIS_CUMBERLAND,1.636268908,0.683602212,4.47E-08,701
702,KANSAS,CLOUD,KANSAS_CLOUD,1.574398705,0.714314454,1.72E-08,702
703,NEBRASKA,THAYER,NEBRASKA_THAYER,1.550315888,0.856895073,5.31E-16,703
704,INDIANA,CLINTON,INDIANA_CLINTON,2.092027149,0.84435069,7.01E-15,704
705,MISSOURI,STE. GENEVIEVE,MISSOURI_STE. GENEVIEVE,1.669117647,0.422265609,0.091320259,705
706,ILLINOIS,MARION,ILLINOIS_MARION,2.081844959,0.75644371,8.84E-11,706
707,IOWA,MONONA,IOWA_MONONA,2.264411338,0.872497283,3.59E-17,707
708,SOUTH DAKOTA,OGLALA LAKOTA,SOUTH DAKOTA_OGLALA LAKOTA,0.147310167,0.073947073,0.668205772,708
709,SOUTH DAKOTA,ZIEBACH,SOUTH DAKOTA_ZIEBACH,1.338774704,0.720306984,2.43E-08,709
710,MISSOURI,WAYNE,MISSOURI_WAYNE,1.281863485,0.639592151,3.89E-06,710
711,MISSOURI,REYNOLDS,MISSOURI_REYNOLDS,0.142105263,0.049529885,0.835722117,711
712,OHIO,WARREN,OHIO_WARREN,1.98204559,0.894622871,4.01E-19,712
713,INDIANA,ALLEN,INDIANA_ALLEN,1.752749082,0.850774722,1.40E-15,713
714,IOWA,MUSCATINE,IOWA_MUSCATINE,1.946811235,0.81999521,1.04E-13,714
715,IOWA,SCOTT,IOWA_SCOTT,2.058814992,0.836807056,1.10E-14,715
716,INDIANA,GRANT,INDIANA_GRANT,1.795587277,0.805737602,4.93E-12,716
717,INDIANA,HOWARD,INDIANA_HOWARD,1.936624434,0.864430726,3.03E-16,717
718,NEBRASKA,DIXON,NEBRASKA_DIXON,2.779519808,0.883305963,2.08E-17,718
719,KANSAS,COMANCHE,KANSAS_COMANCHE,2.325462304,0.702204842,1.27E-06,719
720,ILLINOIS,WILL,ILLINOIS_WILL,2.011226891,0.809779461,1.08E-12,720
721,MISSOURI,LAFAYETTE,MISSOURI_LAFAYETTE,2.227800905,0.804337476,1.17E-12,721
722,OHIO,SCIOTO,OHIO_SCIOTO,1.81999095,0.837641752,1.82E-14,722
723,MICHIGAN,OCEANA,MICHIGAN_OCEANA,1.934418748,0.892199095,8.63E-17,723
724,MISSOURI,HOLT,MISSOURI_HOLT,2.312190621,0.852314611,1.54E-14,724
725,NEBRASKA,DAWES,NEBRASKA_DAWES,1.326611163,0.622734894,3.81E-06,725
726,ILLINOIS,LAKE,ILLINOIS_LAKE,1.560790274,0.753057782,6.63E-10,726
727,INDIANA,UNION,INDIANA_UNION,1.942768719,0.817741911,1.38E-13,727
728,MISSOURI,WASHINGTON,MISSOURI_WASHINGTON,0.457142857,0.208110961,0.378604544,728
729,MISSOURI,KNOX,MISSOURI_KNOX,1.670883441,0.574004481,2.46E-05,729
730,OHIO,SENECA,OHIO_SENECA,1.564950226,0.785075378,9.14E-12,730
731,OHIO,TUSCARAWAS,OHIO_TUSCARAWAS,1.354559037,0.780619749,8.85E-12,731
732,OHIO,VAN WERT,OHIO_VAN WERT,1.471531632,0.736178438,5.00E-10,732
733,IOWA,RINGGOLD,IOWA_RINGGOLD,1.702606335,0.68898811,2.28E-08,733
734,MICHIGAN,TUSCOLA,MICHIGAN_TUSCOLA,2.038098694,0.909797643,9.88E-21,734
735,MINNESOTA,LE SUEUR,MINNESOTA_LE SUEUR,2.214434389,0.877482472,2.97E-17,735
736,MISSOURI,RALLS,MISSOURI_RALLS,1.719538462,0.659590482,1.41E-07,736
737,MISSOURI,DE KALB,MISSOURI_DE KALB,1.375561224,0.57917749,1.30049E-05,737
738,MISSOURI,HARRISON,MISSOURI_HARRISON,1.453358002,0.583836849,2.05199E-05,738
739,NEBRASKA,FRANKLIN,NEBRASKA_FRANKLIN,1.715423034,0.918814327,7.91E-22,739
740,NEBRASKA,KEARNEY,NEBRASKA_KEARNEY,2.055936652,0.936874617,5.26E-24,740
741,OHIO,ATHENS,OHIO_ATHENS,1.989114659,0.887545657,1.87E-18,741
742,MISSOURI,ADAIR,MISSOURI_ADAIR,1.655702281,0.654657892,2.51E-07,742
743,OHIO,CLERMONT,OHIO_CLERMONT,2.060614646,0.823987903,1.98E-13,743
744,OHIO,FAYETTE,OHIO_FAYETTE,1.934271493,0.843067451,8.44E-15,744
745,OHIO,DEFIANCE,OHIO_DEFIANCE,1.607696576,0.791629118,2.81E-12,745
746,NEBRASKA,ADAMS,NEBRASKA_ADAMS,2.032681636,0.931242768,1.44E-23,746
747,WISCONSIN,SAUK,WISCONSIN_SAUK,1.626124819,0.873730656,2.86E-17,747
748,WISCONSIN,WOOD,WISCONSIN_WOOD,1.546896611,0.839028009,8.06E-15,748
749,OHIO,GREENE,OHIO_GREENE,2.109459575,0.89132823,8.32E-19,749
750,MISSOURI,PLATTE,MISSOURI_PLATTE,1.895795918,0.758394106,2.76E-10,750
751,IOWA,POTTAWATTAMIE,IOWA_POTTAWATTAMIE,2.279918552,0.857563062,9.36E-16,751
752,NEBRASKA,CHEYENNE,NEBRASKA_CHEYENNE,1.0194926,0.580842373,3.57E-05,752
753,OHIO,GUERNSEY,OHIO_GUERNSEY,1.522895928,0.792213181,4.37E-12,753
754,MISSOURI,ST CLAIR,MISSOURI_ST CLAIR,1.395862978,0.574605593,3.66E-05,754
755,OHIO,WASHINGTON,OHIO_WASHINGTON,1.600175019,0.800454004,1.07E-12,755
756,WISCONSIN,OCONTO,WISCONSIN_OCONTO,1.527542047,0.848621243,1.96E-15,756
757,MINNESOTA,SCOTT,MINNESOTA_SCOTT,2.293445378,0.871900041,1.71E-16,757
758,SOUTH DAKOTA,STANLEY,SOUTH DAKOTA_STANLEY,0.213608345,0.075216043,0.658166689,758
759,OHIO,HAMILTON,OHIO_HAMILTON,1.976590636,0.783396412,1.76E-11,759
760,WISCONSIN,POLK,WISCONSIN_POLK,1.677413984,0.785406307,5.42E-12,760
761,IOWA,CASS,IOWA_CASS,2.151976436,0.854118458,8.30E-16,761
762,INDIANA,PARKE,INDIANA_PARKE,1.771442977,0.770020229,6.29E-11,762
763,WISCONSIN,BAYFIELD,WISCONSIN_BAYFIELD,1.519090909,0.47432425,0.029821868,763
764,WISCONSIN,WINNEBAGO,WISCONSIN_WINNEBAGO,1.596171946,0.83709531,1.96E-14,764
765,MICHIGAN,ONTONAGON,MICHIGAN_ONTONAGON,1.145494505,0.362468494,0.202790503,765
766,WISCONSIN,ST CROIX,WISCONSIN_ST CROIX,1.968317254,0.805395615,6.07E-13,766
767,KANSAS,DONIPHAN,KANSAS_DONIPHAN,2.466969388,0.815952207,9.17E-13,767
768,INDIANA,VANDERBURGH,INDIANA_VANDERBURGH,1.959049774,0.794407046,2.08E-12,768
769,MICHIGAN,IOSCO,MICHIGAN_IOSCO,1.684938776,0.845648899,2.08E-14,769
770,MICHIGAN,HURON,MICHIGAN_HURON,2.216221293,0.919040557,7.40E-22,770
771,MISSOURI,BARRY,MISSOURI_BARRY,1.626122449,0.701222997,2.01E-08,771
772,MISSOURI,PULASKI,MISSOURI_PULASKI,0.939758065,0.410930055,0.021650819,772
773,MINNESOTA,MOWER,MINNESOTA_MOWER,2.347384615,0.895647482,7.22E-19,773
774,WISCONSIN,WAUKESHA,WISCONSIN_WAUKESHA,1.838414582,0.841517885,5.63E-15,774
775,MINNESOTA,MEEKER,MINNESOTA_MEEKER,2.154923077,0.885889651,5.75E-18,775
776,IOWA,DICKINSON,IOWA_DICKINSON,1.954187655,0.849491535,1.71E-15,776
777,MISSOURI,GENTRY,MISSOURI_GENTRY,1.496152833,0.639275517,2.28E-06,777
778,NEBRASKA,BOONE,NEBRASKA_BOONE,2.573628959,0.941562311,8.38E-25,778
779,WISCONSIN,WAUPACA,WISCONSIN_WAUPACA,1.648535815,0.915146912,2.29E-21,779
780,KANSAS,ATCHISON,KANSAS_ATCHISON,1.941276018,0.745655488,3.44E-10,780
781,MINNESOTA,DAKOTA,MINNESOTA_DAKOTA,2.303175958,0.889275488,1.30E-18,781
782,MICHIGAN,WAYNE,MICHIGAN_WAYNE,1.515940803,0.785458342,2.72E-10,782
783,IOWA,AUDUBON,IOWA_AUDUBON,2.364974814,0.877183155,1.49E-17,783
784,NEBRASKA,DAKOTA,NEBRASKA_DAKOTA,2.568166522,0.876108145,3.53E-16,784
785,NEBRASKA,ROCK,NEBRASKA_ROCK,2.14756013,0.900327527,7.21E-18,785
786,IOWA,GRUNDY,IOWA_GRUNDY,2.136088107,0.871090212,4.65E-17,786
787,INDIANA,JASPER,INDIANA_JASPER,1.655539016,0.749710494,3.73E-10,787
788,ILLINOIS,JACKSON,ILLINOIS_JACKSON,1.935294118,0.76693467,5.30E-11,788
789,MINNESOTA,KITTSON,MINNESOTA_KITTSON,2.416672474,0.881202383,2.92E-14,789
790,OHIO,HOLMES,OHIO_HOLMES,1.465905404,0.790076747,3.32E-12,790
791,INDIANA,WARRICK,INDIANA_WARRICK,1.637918552,0.738108868,6.39E-10,791
792,NEBRASKA,FURNAS,NEBRASKA_FURNAS,0.768961837,0.568478323,1.10E-05,792
793,ILLINOIS,PIATT,ILLINOIS_PIATT,1.949918894,0.789490957,3.53E-12,793
794,ILLINOIS,PIKE,ILLINOIS_PIKE,1.921363746,0.814090751,6.53E-13,794
795,MISSOURI,DADE,MISSOURI_DADE,1.431332707,0.641973364,2.91E-07,795
796,OHIO,ASHTABULA,OHIO_ASHTABULA,1.669516776,0.851262589,1.30E-15,796
797,MICHIGAN,MACKINAC,MICHIGAN_MACKINAC,0.943859649,0.378733672,0.109816393,797
798,SOUTH DAKOTA,MEADE,SOUTH DAKOTA_MEADE,0.210493477,0.118379994,0.455263539,798
799,MINNESOTA,KOOCHICHING,MINNESOTA_KOOCHICHING,3.257352941,0.627906838,0.009204059,799
800,MISSOURI,ANDREW,MISSOURI_ANDREW,1.806914894,0.706277595,2.92E-08,800
801,ILLINOIS,GALLATIN,ILLINOIS_GALLATIN,1.910928029,0.806691089,5.22E-13,801
802,MICHIGAN,BAY,MICHIGAN_BAY,1.869420814,0.898392625,3.88E-19,802
803,NEBRASKA,ANTELOPE,NEBRASKA_ANTELOPE,2.883769508,0.957831503,1.20E-27,803
804,SOUTH DAKOTA,CHARLES MIX,SOUTH DAKOTA_CHARLES MIX,2.178323231,0.839345125,7.71E-15,804
805,ILLINOIS,WASHINGTON,ILLINOIS_WASHINGTON,1.936156407,0.733309345,6.31E-10,805
806,SOUTH DAKOTA,LINCOLN,SOUTH DAKOTA_LINCOLN,2.361645181,0.861337333,2.55E-16,806
807,WISCONSIN,WALWORTH,WISCONSIN_WALWORTH,1.856245198,0.834727495,1.48E-14,807
808,INDIANA,RANDOLPH,INDIANA_RANDOLPH,1.788333476,0.820629251,9.58E-14,808
809,KANSAS,LEAVENWORTH,KANSAS_LEAVENWORTH,1.576617336,0.620279955,7.09E-06,809
810,IOWA,WRIGHT,IOWA_WRIGHT,1.804516349,0.848907528,1.87E-15,810
811,MISSOURI,ST LOUIS,MISSOURI_ST LOUIS,1.879927971,0.820256384,3.13E-13,811
812,SOUTH DAKOTA,TURNER,SOUTH DAKOTA_TURNER,2.563664305,0.87996948,8.70E-18,812
813,INDIANA,MARSHALL,INDIANA_MARSHALL,1.960432852,0.877013197,1.54E-17,813
814,ILLINOIS,MASON,ILLINOIS_MASON,1.961076923,0.815582863,3.14E-13,814
815,IOWA,LINN,IOWA_LINN,2.189149321,0.830422665,4.83E-14,815
816,NEBRASKA,MADISON,NEBRASKA_MADISON,2.511218304,0.909373292,1.11E-20,816
817,MINNESOTA,AITKIN,MINNESOTA_AITKIN,1.518549465,0.619505954,0.000120893,817
818,SOUTH DAKOTA,LAKE,SOUTH DAKOTA_LAKE,2.768803893,0.924347264,1.45E-22,818
819,ILLINOIS,KNOX,ILLINOIS_KNOX,2.319038675,0.858862632,3.85E-16,819
820,IOWA,BLACK HAWK,IOWA_BLACK HAWK,2.004119355,0.837512345,1.00E-14,820
821,KANSAS,CHEROKEE,KANSAS_CHEROKEE,1.436687783,0.6486124,2.65E-07,821
822,INDIANA,VIGO,INDIANA_VIGO,1.720590636,0.76889225,6.98E-11,822
823,ILLINOIS,JASPER,ILLINOIS_JASPER,1.726343891,0.683330592,3.29E-08,823
824,MINNESOTA,HOUSTON,MINNESOTA_HOUSTON,1.827554854,0.873989513,2.73E-17,824
825,MICHIGAN,JACKSON,MICHIGAN_JACKSON,1.47091693,0.809739462,3.65E-13,825
826,INDIANA,FLOYD,INDIANA_FLOYD,2.127289638,0.70985218,6.02E-07,826
827,INDIANA,PERRY,INDIANA_PERRY,2.013596838,0.828784863,2.08E-12,827
828,KANSAS,CLARK,KANSAS_CLARK,2.224822191,0.736150706,2.07E-07,828
829,SOUTH DAKOTA,MARSHALL,SOUTH DAKOTA_MARSHALL,2.878261705,0.93591338,2.16E-23,829
830,MINNESOTA,LAKE OF THE WOODS,MINNESOTA_LAKE OF THE WOODS,-2.166666667,-0.400857979,0.284975927,830
831,KANSAS,MARSHALL,KANSAS_MARSHALL,1.533560624,0.674604323,7.80E-08,831
832,KANSAS,NEMAHA,KANSAS_NEMAHA,1.846624434,0.694413322,1.59E-08,832
833,KANSAS,OTTAWA,KANSAS_OTTAWA,0.999576639,0.504623686,0.000254781,833
834,KANSAS,SCOTT,KANSAS_SCOTT,0.273230569,0.209091811,0.153791796,834
835,WISCONSIN,ASHLAND,WISCONSIN_ASHLAND,1.098029557,0.472051292,0.009725683,835
836,KANSAS,WASHINGTON,KANSAS_WASHINGTON,1.13694898,0.630656378,1.19E-06,836
837,MISSOURI,CASS,MISSOURI_CASS,1.548360144,0.629853619,9.55E-07,837
838,IOWA,STORY,IOWA_STORY,1.864343038,0.795838689,1.78E-12,838
839,ILLINOIS,WINNEBAGO,ILLINOIS_WINNEBAGO,1.97518996,0.832635597,1.97E-14,839
840,NEBRASKA,KIMBALL,NEBRASKA_KIMBALL,0.467986432,0.390064718,0.007366421,840
841,MINNESOTA,MARTIN,MINNESOTA_MARTIN,1.980756424,0.82124889,8.86E-14,841
842,MINNESOTA,CASS,MINNESOTA_CASS,2.109933618,0.745321479,1.21E-07,842
843,OHIO,WILLIAMS,OHIO_WILLIAMS,1.764573551,0.837280683,1.03E-14,843
844,MINNESOTA,HUBBARD,MINNESOTA_HUBBARD,2.681167247,0.808640361,1.60E-10,844
845,ILLINOIS,FULTON,ILLINOIS_FULTON,2.126974302,0.833377283,1.78E-14,845
846,NEBRASKA,GRANT,NEBRASKA_GRANT,0.626315789,0.337438758,0.157700528,846
847,SOUTH DAKOTA,DOUGLAS,SOUTH DAKOTA_DOUGLAS,2.31960181,0.825410596,9.26E-14,847
848,NEBRASKA,OTOE,NEBRASKA_OTOE,1.938683514,0.755210224,9.87E-11,848
849,NEBRASKA,FILLMORE,NEBRASKA_FILLMORE,1.915303167,0.90403743,1.02E-19,849
850,MINNESOTA,CLAY,MINNESOTA_CLAY,2.402253906,0.911174984,6.84E-21,850
851,KANSAS,BUTLER,KANSAS_BUTLER,1.136622449,0.608722152,3.47E-06,851
852,MISSOURI,WEBSTER,MISSOURI_WEBSTER,1.737681159,0.727797873,1.47E-08,852
853,MISSOURI,CHARITON,MISSOURI_CHARITON,1.682881025,0.674358922,1.48E-07,853
854,MISSOURI,FRANKLIN,MISSOURI_FRANKLIN,1.983529412,0.799878975,3.22E-12,854
855,KANSAS,NESS,KANSAS_NESS,-0.498057354,-0.339398459,0.021025566,855
856,MISSOURI,LINCOLN,MISSOURI_LINCOLN,1.357678076,0.622678889,2.96E-06,856
857,MINNESOTA,CHISAGO,MINNESOTA_CHISAGO,1.736736959,0.840653432,6.38E-15,857
858,SOUTH DAKOTA,DEUEL,SOUTH DAKOTA_DEUEL,2.828510204,0.899566238,1.59E-18,858
859,WISCONSIN,LINCOLN,WISCONSIN_LINCOLN,1.405510204,0.796663342,7.59E-12,859
860,NEBRASKA,LOUP,NEBRASKA_LOUP,2.00653277,0.924694632,3.20E-19,860
861,ILLINOIS,MACOUPIN,ILLINOIS_MACOUPIN,1.823042773,0.772592396,1.96E-11,861
862,WISCONSIN,MARINETTE,WISCONSIN_MARINETTE,1.2644994,0.734134398,1.31E-09,862
863,MISSOURI,MISSISSIPPI,MISSOURI_MISSISSIPPI,1.9596474,0.857494429,4.82E-16,863
864,ILLINOIS,MCHENRY,ILLINOIS_MCHENRY,1.913507803,0.826330651,1.48E-13,864
865,SOUTH DAKOTA,WALWORTH,SOUTH DAKOTA_WALWORTH,2.025210084,0.848175311,7.61E-15,865
866,WISCONSIN,PIERCE,WISCONSIN_PIERCE,2.253615641,0.910829786,7.50E-21,866
867,NEBRASKA,CUSTER,NEBRASKA_CUSTER,2.308687783,0.964397388,5.82E-30,867
868,MINNESOTA,CHIPPEWA,MINNESOTA_CHIPPEWA,2.714977376,0.903240562,1.24E-19,868
869,MICHIGAN,OSCEOLA,MICHIGAN_OSCEOLA,1.64053654,0.853525022,4.85E-14,869
870,IOWA,BREMER,IOWA_BREMER,2.188068812,0.862336811,2.16E-16,870
871,MISSOURI,CEDAR,MISSOURI_CEDAR,1.933450509,0.792086818,5.51E-11,871
872,IOWA,HAMILTON,IOWA_HAMILTON,1.788045249,0.788650366,6.34E-12,872
873,WISCONSIN,GREEN LAKE,WISCONSIN_GREEN LAKE,1.897293605,0.869481333,6.21E-17,873
874,OHIO,CHAMPAIGN,OHIO_CHAMPAIGN,1.770118672,0.79172779,2.78E-12,874
875,MISSOURI,MONROE,MISSOURI_MONROE,1.550054299,0.580536865,7.98E-06,875
876,ILLINOIS,MERCER,ILLINOIS_MERCER,2.214850679,0.844775865,6.59E-15,876
877,MINNESOTA,COTTONWOOD,MINNESOTA_COTTONWOOD,2.267980022,0.871322234,4.45E-17,877
878,SOUTH DAKOTA,SANBORN,SOUTH DAKOTA_SANBORN,2.578186062,0.859396763,5.37E-15,878
879,MISSOURI,OSAGE,MISSOURI_OSAGE,1.848599846,0.801807921,9.15E-13,879
880,MICHIGAN,DELTA,MICHIGAN_DELTA,1.17769556,0.530018055,0.000215433,880
881,OHIO,BELMONT,OHIO_BELMONT,1.018685682,0.612479583,1.63E-05,881
882,IOWA,IOWA,IOWA_IOWA,2.215429864,0.809947412,6.12E-13,882
883,OHIO,VINTON,OHIO_VINTON,1.750045304,0.730759018,2.65E-08,883
884,MINNESOTA,NICOLLET,MINNESOTA_NICOLLET,2.196115427,0.879520196,9.50E-18,884
885,KANSAS,FINNEY,KANSAS_FINNEY,1.46115942,0.744320898,3.05E-09,885
886,INDIANA,SHELBY,INDIANA_SHELBY,1.613476479,0.742040264,3.08E-10,886
887,MINNESOTA,NOBLES,MINNESOTA_NOBLES,2.356189704,0.875539027,2.04E-17,887
888,MICHIGAN,CLINTON,MICHIGAN_CLINTON,1.855390156,0.892352733,3.33E-18,888
889,MISSOURI,PHELPS,MISSOURI_PHELPS,1.278916256,0.494294071,0.006420046,889
890,MISSOURI,DOUGLAS,MISSOURI_DOUGLAS,0.1725,0.042165826,0.881391946,890
891,MISSOURI,CAMDEN,MISSOURI_CAMDEN,1.739924812,0.495295634,0.026381775,891
892,NEBRASKA,DOUGLAS,NEBRASKA_DOUGLAS,2.380821128,0.871799427,1.74E-16,892
893,SOUTH DAKOTA,MCPHERSON,SOUTH DAKOTA_MCPHERSON,2.009959184,0.825215414,3.04E-13,893
894,INDIANA,MARION,INDIANA_MARION,1.695127968,0.781462976,1.46E-10,894
895,ILLINOIS,CHRISTIAN,ILLINOIS_CHRISTIAN,1.955024332,0.82329171,6.82E-14,895
896,MICHIGAN,ISABELLA,MICHIGAN_ISABELLA,1.951579442,0.898068249,1.82E-19,896
897,MICHIGAN,MENOMINEE,MICHIGAN_MENOMINEE,1.150558744,0.588797832,3.28E-05,897
898,MICHIGAN,SCHOOLCRAFT,MICHIGAN_SCHOOLCRAFT,1.329285714,0.343705007,0.209723189,898
899,MISSOURI,DALLAS,MISSOURI_DALLAS,2.095201613,0.677912611,2.79E-05,899
900,MINNESOTA,MILLE LACS,MINNESOTA_MILLE LACS,1.585719457,0.764938542,6.37E-11,900
901,MICHIGAN,LUCE,MICHIGAN_LUCE,2.515454545,0.593672947,0.054157055,901
902,MISSOURI,MADISON,MISSOURI_MADISON,1.244582043,0.293233477,0.237620913,902
903,INDIANA,BARTHOLOMEW,INDIANA_BARTHOLOMEW,1.796364946,0.752403354,2.97E-10,903
904,NEBRASKA,HALL,NEBRASKA_HALL,1.990769231,0.923927563,4.37E-22,904
905,KANSAS,OSAGE,KANSAS_OSAGE,1.067221719,0.519070133,9.51E-05,905
906,KANSAS,JEFFERSON,KANSAS_JEFFERSON,2.018256903,0.766917727,8.35E-11,906
907,WISCONSIN,ADAMS,WISCONSIN_ADAMS,1.145665158,0.723959536,1.93E-09,907
908,MISSOURI,DENT,MISSOURI_DENT,1.187803501,0.459979377,0.031243724,908
909,MISSOURI,RAY,MISSOURI_RAY,2.018091837,0.770101202,9.89E-11,909
910,KANSAS,SEDGWICK,KANSAS_SEDGWICK,0.907040816,0.52759947,9.80E-05,910
911,INDIANA,POSEY,INDIANA_POSEY,1.934833091,0.804319777,6.87E-13,911
912,MISSOURI,WARREN,MISSOURI_WARREN,1.496216086,0.682722308,4.72E-08,912
913,INDIANA,ELKHART,INDIANA_ELKHART,1.883538462,0.874398778,5.26E-17,913
914,ILLINOIS,MORGAN,ILLINOIS_MORGAN,1.891438914,0.798180564,2.31E-12,914
915,INDIANA,SWITZERLAND,INDIANA_SWITZERLAND,2.501518219,0.784755352,3.36E-09,915
916,NEBRASKA,KEYA PAHA,NEBRASKA_KEYA PAHA,2.441445403,0.903527195,4.92E-20,916
917,NEBRASKA,SHERIDAN,NEBRASKA_SHERIDAN,1.748959276,0.880758495,1.59E-17,917
918,IOWA,WEBSTER,IOWA_WEBSTER,1.924993597,0.838097501,9.21E-15,918
919,INDIANA,OHIO,INDIANA_OHIO,2.473660503,0.799965117,2.84E-09,919
920,IOWA,UNION,IOWA_UNION,1.911773756,0.772335429,3.19E-11,920
921,IOWA,DUBUQUE,IOWA_DUBUQUE,2.377332878,0.900998496,9.10E-20,921
922,MISSOURI,LEWIS,MISSOURI_LEWIS,1.396105642,0.567820721,1.70E-05,922
923,INDIANA,DEARBORN,INDIANA_DEARBORN,1.613203278,0.776453567,1.34E-11,923
924,INDIANA,MORGAN,INDIANA_MORGAN,1.600171946,0.691752314,1.90E-08,924
925,MISSOURI,BOONE,MISSOURI_BOONE,1.646857143,0.662525992,1.60E-07,925
926,KANSAS,KINGMAN,KANSAS_KINGMAN,1.526346939,0.671688963,1.27E-07,926
927,IOWA,PAGE,IOWA_PAGE,2.142427218,0.833979332,1.64E-14,927
928,MINNESOTA,NORMAN,MINNESOTA_NORMAN,2.054617047,0.859314842,1.39E-15,928
929,ILLINOIS,RANDOLPH,ILLINOIS_RANDOLPH,1.746606335,0.749430282,2.50E-10,929
930,ILLINOIS,ROCK ISLAND,ILLINOIS_ROCK ISLAND,2.409493397,0.892894455,2.97E-18,930
931,IOWA,LYON,IOWA_LYON,2.738406045,0.920944124,4.18E-22,931
932,INDIANA,GIBSON,INDIANA_GIBSON,1.89890036,0.774599375,4.11E-11,932
933,ILLINOIS,BOND,ILLINOIS_BOND,2.09144898,0.731082349,2.45E-09,933
934,SOUTH DAKOTA,CAMPBELL,SOUTH DAKOTA_CAMPBELL,1.825864253,0.842256981,9.48E-15,934
935,ILLINOIS,HENRY,ILLINOIS_HENRY,2.198202852,0.862680573,2.03E-16,935
936,INDIANA,CRAWFORD,INDIANA_CRAWFORD,1.396240267,0.529808386,0.002603344,936
937,MISSOURI,SALINE,MISSOURI_SALINE,2.146443439,0.814151058,3.73E-13,937
938,MINNESOTA,PENNINGTON,MINNESOTA_PENNINGTON,1.767264808,0.79126514,7.38E-10,938
939,SOUTH DAKOTA,HUGHES,SOUTH DAKOTA_HUGHES,1.413991674,0.754615622,9.00E-10,939
940,MINNESOTA,SHERBURNE,MINNESOTA_SHERBURNE,2.050624434,0.882462823,1.14E-17,940
941,MICHIGAN,WASHTENAW,MICHIGAN_WASHTENAW,1.689844617,0.82642986,4.53E-14,941
942,MINNESOTA,FREEBORN,MINNESOTA_FREEBORN,2.171202937,0.904017042,4.35E-20,942
943,OHIO,MERCER,OHIO_MERCER,1.814389994,0.760715551,6.00E-11,943
944,IOWA,POCAHONTAS,IOWA_POCAHONTAS,1.998361991,0.853212497,1.86E-15,944
945,MISSOURI,MONITEAU,MISSOURI_MONITEAU,1.556925749,0.681356242,9.80E-08,945
946,KANSAS,LABETTE,KANSAS_LABETTE,1.139246068,0.630128357,2.07E-06,946
947,OHIO,RICHLAND,OHIO_RICHLAND,1.67589916,0.836601946,3.87E-14,947
948,IOWA,SAC,IOWA_SAC,2.399052335,0.867459655,8.90E-17,948
949,OHIO,SANDUSKY,OHIO_SANDUSKY,1.788175531,0.847407248,2.35E-15,949
950,MISSOURI,CARROLL,MISSOURI_CARROLL,1.756071429,0.736814549,1.58E-09,950
951,IOWA,HENRY,IOWA_HENRY,1.681657133,0.720467723,1.73E-09,951
952,ILLINOIS,ADAMS,ILLINOIS_ADAMS,1.917837104,0.749103933,2.57E-10,952
953,SOUTH DAKOTA,HYDE,SOUTH DAKOTA_HYDE,1.890350347,0.773045201,1.24E-09,953
954,NEBRASKA,COLFAX,NEBRASKA_COLFAX,2.60134466,0.892225281,6.84E-19,954
955,WISCONSIN,CLARK,WISCONSIN_CLARK,1.615294118,0.805823323,9.85E-13,955
956,KANSAS,JACKSON,KANSAS_JACKSON,1.820072398,0.750077932,2.37E-10,956
957,MICHIGAN,MARQUETTE,MICHIGAN_MARQUETTE,-1.514675325,-0.390375787,0.080191601,957
958,INDIANA,JENNINGS,INDIANA_JENNINGS,1.614902245,0.777218174,1.24E-11,958
959,SOUTH DAKOTA,YANKTON,SOUTH DAKOTA_YANKTON,2.536566208,0.868191147,7.82E-17,959
960,MISSOURI,ST LOUIS,MISSOURI_ST LOUIS,1.879927971,0.820256384,3.13E-13,960
961,MISSOURI,SHELBY,MISSOURI_SHELBY,1.555389709,0.542903082,6.70E-05,961
962,IOWA,MITCHELL,IOWA_MITCHELL,2.28762913,0.883643347,4.18E-18,962
963,MICHIGAN,CALHOUN,MICHIGAN_CALHOUN,1.492939469,0.828639083,3.38E-14,963
964,WISCONSIN,KENOSHA,WISCONSIN_KENOSHA,1.725872749,0.807584822,1.38E-12,964
965,NEBRASKA,NEMAHA,NEBRASKA_NEMAHA,2.151839836,0.800448761,1.07E-12,965
966,MINNESOTA,POLK,MINNESOTA_POLK,1.91663591,0.836525334,1.33E-13,966
967,ILLINOIS,CLINTON,ILLINOIS_CLINTON,2.195786733,0.795987519,1.75E-12,967
968,ILLINOIS,CHAMPAIGN,ILLINOIS_CHAMPAIGN,1.826914539,0.765663278,3.80E-11,968
969,OHIO,COLUMBIANA,OHIO_COLUMBIANA,1.404119355,0.77718178,1.25E-11,969
970,NEBRASKA,PIERCE,NEBRASKA_PIERCE,2.732015709,0.951482491,3.00E-27,970
971,OHIO,ASHLAND,OHIO_ASHLAND,1.47792557,0.773125391,4.72E-11,971
972,MINNESOTA,ST. LOUIS,MINNESOTA_ST. LOUIS,9.1,0.631370703,0.068201324,972
973,OHIO,MORGAN,OHIO_MORGAN,1.322872023,0.818143608,1.31E-13,973
974,OHIO,PORTAGE,OHIO_PORTAGE,1.388361991,0.84262749,8.99E-15,974
975,MISSOURI,CLAY,MISSOURI_CLAY,1.996547419,0.762613761,1.23E-10,975
976,SOUTH DAKOTA,SULLY,SOUTH DAKOTA_SULLY,1.865285714,0.862129738,1.77E-15,976
977,MISSOURI,GRUNDY,MISSOURI_GRUNDY,1.353314832,0.573858103,3.05E-05,977
978,KANSAS,LINN,KANSAS_LINN,1.218166717,0.547265918,0.000146025,978
979,WISCONSIN,IRON,WISCONSIN_IRON,-0.295438596,-0.082485414,0.737090216,979
980,NEBRASKA,HOLT,NEBRASKA_HOLT,2.170307692,0.942267859,6.28E-25,980
981,OHIO,FRANKLIN,OHIO_FRANKLIN,1.808244898,0.823302409,3.84E-13,981
982,IOWA,JEFFERSON,IOWA_JEFFERSON,1.665662085,0.695485712,1.05E-08,982
983,SOUTH DAKOTA,LYMAN,SOUTH DAKOTA_LYMAN,0.928742081,0.545025314,3.54431E-05,983
984,KANSAS,GOVE,KANSAS_GOVE,-0.583553421,-0.379899343,0.006504611,984
985,KANSAS,GRAHAM,KANSAS_GRAHAM,-0.619076815,-0.378977688,0.011183833,985
986,KANSAS,PRATT,KANSAS_PRATT,1.475928571,0.755789862,3.44E-10,986
987,SOUTH DAKOTA,FAULK,SOUTH DAKOTA_FAULK,2.393031674,0.863709555,3.42E-16,987
988,ILLINOIS,EFFINGHAM,ILLINOIS_EFFINGHAM,2.133432938,0.758142288,7.58E-11,988
989,MISSOURI,SCOTT,MISSOURI_SCOTT,2.211452453,0.905333054,1.00E-18,989
990,MINNESOTA,FILLMORE,MINNESOTA_FILLMORE,2.287308973,0.903376475,5.10E-20,990
991,WISCONSIN,IOWA,WISCONSIN_IOWA,1.965423034,0.837885862,9.49E-15,991
992,WISCONSIN,FLORENCE,WISCONSIN_FLORENCE,0.443577075,0.186561485,0.394024262,992
993,OHIO,LUCAS,OHIO_LUCAS,1.76826176,0.859286378,3.59E-16,993
994,SOUTH DAKOTA,CUSTER,SOUTH DAKOTA_CUSTER,0.694957983,0.289451139,0.096833022,994
995,SOUTH DAKOTA,HAMLIN,SOUTH DAKOTA_HAMLIN,3.104895928,0.938274116,3.09E-24,995
996,ILLINOIS,ALEXANDER,ILLINOIS_ALEXANDER,2.252659574,0.835217304,1.57E-13,996
997,MINNESOTA,WADENA,MINNESOTA_WADENA,2.19944933,0.896762095,2.47E-19,997
998,NEBRASKA,SEWARD,NEBRASKA_SEWARD,1.838785964,0.854532982,7.77E-16,998
